link,asylum_requested,asylum_requested_evidence,withholding_requested,withholding_requested_evidence,CAT_requested,CAT_requested_evidence,protected_ground_political_opinion,protected_ground_political_opinion_evidence,protected_ground_particular_social_group,protected_ground_particular_social_group_evidence,past_persecution_physical_violence,past_persecution_physical_violence_evidence,past_persecution_death_threats,past_persecution_death_threats_evidence,persecutor_nongovernmental_actor,persecutor_nongovernmental_actor_evidence,credibility_finding,credibility_finding_evidence,bars_one_year_deadline_missed,bars_one_year_deadline_missed_evidence,nexus_requirement_met,nexus_requirement_met_evidence,time,notes
https://cdn.ca9.uscourts.gov/datastore/opinions/2022/09/14/21-70493.pdf,true,"In August 2016, the Government charged Hernandez as removable based on his 2016 domestic-violence conviction, which was based on acts committed approximately five years after Hernandez became a lawful permanent resident. Hernandez conceded removability and sought cancellation of removal under 8 U.S.C. § 1229b(a) (LPR cancellation) and asylum.",true,"In August 2016, the Government charged Hernandez as removable based on his 2016 domestic-violence conviction, which was based on acts committed approximately five years after Hernandez became a lawful permanent resident. Hernandez conceded removability and sought cancellation of removal under 8 U.S.C. § 1229b(a) (LPR cancellation) and asylum. (Cancellation of removal and withholding of removal may possibly be under different statutes, will follow up)",false,,false,,false,,false,,false,,false,,false,,false,,false,,8 min 30 sec,"Discusses primarily a defense to asylum, disregards the main elements for asylum."
https://cdn.ca9.uscourts.gov/datastore/opinions/2020/12/21/17-72197.pdf,true,"Denying Minh Nguyen’s petition for review of the Board of Immigration Appeals’ denial of his applications for asylum and withholding of removal, the panel held that Nguyen waived review of the Board’s discretionary denial of asylum relief, and that the Board properly concluded that Nguyen’s proposed social group comprised of “known drug users” was not legally cognizable because it lacks particularity.",true,"Denying Minh Nguyen’s petition for review of the Board of Immigration Appeals’ denial of his applications for asylum and withholding of removal, the panel held that Nguyen waived review of the Board’s discretionary denial of asylum relief, and that the Board properly concluded that Nguyen’s proposed social group comprised of “known drug users” was not legally cognizable because it lacks particularity.",true,"Nguyen applied for
cancellation of removal for certain permanent residents,
pursuant to 8 U.S.C. § 1229b(a), as well as asylum,
withholding of removal, and relief pursuant to the
Convention Against Torture (CAT). ",true,"However, the IJ rejected Nguyen’s alleged fear based on his NGUYEN V. BARR 7 Buddhism and political opinions, and she found him ineligible for cancellation of removal.",true,"Denying Minh Nguyen’s petition for review of the Board of Immigration Appeals’ denial of his applications for asylum and withholding of removal, the panel held that Nguyen waived review of the Board’s discretionary denial of asylum relief, and that the Board properly concluded that Nguyen’s proposed social group comprised of “known drug users” was not legally cognizable because it lacks particularity.",false,,false,,false,,false,,false,,false,,8 min 50 sec,
https://cdn.ca9.uscourts.gov/datastore/opinions/2025/04/23/23-3858.pdf,true,The panel denied Maris Oscar’s petition for review of the Board of Immigration Appeals’ decision upholding the determination that he was ineligible for asylum under the firm resettlement doctrine.,true,The panel addressed Oscar’s claims for withholding of removal and relief under the Convention Against Torture in a concurrently filed memorandum disposition.,true,The panel addressed Oscar’s claims for withholding of removal and relief under the Convention Against Torture in a concurrently filed memorandum disposition.,true,"The Parti Haïtien Tèt Kale (PHTK) is a major political party in Haiti. According to Oscar, it is also a violent gang. In 2014, while Oscar still lived in Haiti, PHTK members asked Oscar to join them, because his support might be influential in his community given his popularity. Oscar refused.",true,"Oscar reported experiencing anti-Haitian racism in Chile. In 2019, while Oscar was waiting at a bus stop, a person driving by threw a beer bottle at him and called him a racial slur. The bottle hit Oscar and he was splashed with beer, but he was not injured. More generally, Oscar reported that private employers paid Haitians less than non-Haitians for doing the same work, and that general discrimination against Haitians was a feature of everyday life in Chile.",true,"The men punched and kicked Oscar, pushed his then-girlfriend (now-wife) Fabienne Lorjuste, and left only when they heard the sound of a gunshot nearby, threatening to come back “for real.”",false,,true,"Moreover, Oscar did not testify that ** This summary constitutes no part of the opinion of the court. It has been prepared by court staff for the convenience of the reader. OSCAR V. BONDI 3 he ever experienced any harm or racism from the Chilean government and did not report to the Chilean government the instances of racism that he experienced from private actors",false,,false,,false,,9 min 0 Sec,
https://cdn.ca9.uscourts.gov/datastore/opinions/2022/04/26/16-72752.pdf,false,"On July 10, 2013, petitioner, now represented by a third attorney, filed a motion to reopen his 1997 removal proceedings so that he could file applications for asylum, withholding of removal, and protection under the Convention Against Torture (CAT).",false,"On July 10, 2013, petitioner, now represented by a third attorney, filed a motion to reopen his 1997 removal proceedings so that he could file applications for asylum, withholding of removal, and protection under the Convention Against Torture (CAT).",false,"On July 10, 2013, petitioner, now represented by a third attorney, filed a motion to reopen his 1997 removal proceedings so that he could file applications for asylum, withholding of removal, and protection under the Convention Against Torture (CAT).",false,,true,"In claiming he was eligible for relief, petitioner principally contended that he feared Mexican drug cartels would associate him with law enforcement and persecute him on that basis because as a teenager interested in a potential career in law enforcement, he “shadowed” his police officer brother-in-law.",false,,false,,true,"In claiming he was eligible for relief, petitioner principally contended that he feared Mexican drug cartels would associate him with law enforcement and persecute him on that basis because as a teenager interested in a potential career in law enforcement, he “shadowed” his police officer brother-in-law.",false,,false,,false,,7 min 58 sec,
https://cdn.ca9.uscourts.gov/datastore/opinions/2023/01/12/20-72806.pdf,true,"Shamsher Singh, a native and citizen of India, petitions for review of an order of the Board of Immigration Appeals (BIA) dismissing his applications for asylum, withholding of removal, and protection under the Convention Against Torture (CAT).",true,"Shamsher Singh, a native and citizen of India, petitions for review of an order of the Board of Immigration Appeals (BIA) dismissing his applications for asylum, withholding of removal, and protection under the Convention Against Torture (CAT).",true,"Shamsher Singh, a native and citizen of India, petitions for review of an order of the Board of Immigration Appeals (BIA) dismissing his applications for asylum, withholding of removal, and protection under the Convention Against Torture (CAT).",true,"Singh asserts that he suffered past persecution and has a well-founded fear of future persecution due to his familial association with his brother, who is a member of the Shiromani Akali Dal Party (Mann Party), and his own affiliation with that Party. The Mann Party advocates for the creation of a sovereign state for Sikh people and is opposed by the Congress Party, one of India’s major political parties.",true,"Singh asserts that he suffered past persecution and has a well-founded fear of future persecution due to his familial association with his brother, who is a member of the Shiromani Akali Dal Party (Mann Party), and his own affiliation with that Party. The Mann Party advocates for the creation of a sovereign state for Sikh people and is opposed by the Congress Party, one of India’s major political parties.",true,The panel concluded that five factors compelled the conclusion that Singh experienced serious harm amounting to persecution: (1) he was forced to flee his home after being repeatedly assaulted; (2) one of those incidents involved a death threat; (3) he was between the ages of 16 and 18 when the attacks occurred; (4) his brother also experienced this violence; and (5) this court has already recognized that Mann Party members have faced persistent threats in the region of India where Singh was twice attacked.,true,The panel concluded that five factors compelled the conclusion that Singh experienced serious harm amounting to persecution: (1) he was forced to flee his home after being repeatedly assaulted; (2) one of those incidents involved a death threat; (3) he was between the ages of 16 and 18 when the attacks occurred; (4) his brother also experienced this violence; and (5) this court has already recognized that Mann Party members have faced persistent threats in the region of India where Singh was twice attacked.,true,"The panel explained that if Singh is able, on remand, to demonstrate that the serious harm he suffered was on account of a statutorily protected ground at the hands of individuals whom the government was unable or unwilling to control, then that showing would give rise to a presumption of a well-founded fear of future persecution and shift the evidentiary burden to the government to rebut that presumption by showing that there has been a fundamental change in circumstances concerning Singh’s well-founded fear of future persecution or that Singh could avoid future persecution by reasonably relocating to another part of India.",true,"As an initial matter, the panel noted that the immigration judge found Singh to be a credible witness. There were only ** This summary constitutes no part of the opinion of the court. It has been prepared by court staff for the convenience of the reader. SINGH V. GARLAND 3 two concerns the IJ expressed regarding Singh’s credibility: (1) a minor omission in his declaration; and (2) his testimony contained speculation. The panel wrote that neither concern was sufficient for an adverse credibility determination. The panel noted that the IJ concluded that Singh’s testimony was “otherwise consistent with his written statement and plausible in light of evidence of country conditions.” The panel further noted that the BIA did not question this credibility determination, and there was no indication that the BIA implicitly found the presumption of credibility rebutted.",false,,false,"The panel explained that if Singh is able, on remand, to demonstrate that the serious harm he suffered was on account of a statutorily protected ground at the hands of individuals whom the government was unable or unwilling to control, then that showing would give rise to a presumption of a well-founded fear of future persecution and shift the evidentiary burden to the government to rebut that presumption by showing that there has been a fundamental change in circumstances concerning Singh’s well-founded fear of future persecution or that Singh could avoid future persecution by reasonably relocating to another part of India.",7 min 7 sec,
https://cdn.ca9.uscourts.gov/datastore/opinions/2023/08/15/19-70961.pdf,true,"Let’s return to basic principles. Broadly speaking, petitioners assert two types of substantive errors following the denial of asylum and withholding of removal.",true,"Let’s return to basic principles. Broadly speaking, petitioners assert two types of substantive errors following the denial of asylum and withholding of removal.",true,"Applying de novo review, we found that the BIA’s interpretation contradicted the “clear intent” of CAT. Id. at 1194. We did not “review the evidence under the correct standard of acquiescence to determine if substantial evidence supports the BIA’s conclusion” and instead “remand[ed] to the BIA to give [it] the first opportunity to apply the correct standard.”",false,,false,,false,,false,,false,,false,,false,,false,,13 min 0 sec,This opinion does not go into detail about the facts of the initial filings because it is an appeal mainly discussing legal standard.
https://cdn.ca9.uscourts.gov/datastore/opinions/2021/12/14/15-71553.pdf,true," Alcaraz conceded inadmissibility, but applied for asylum, withholding of removal, and protection under CAT.",true,"The panel first addressed the Board’s determination that Alcaraz’s conviction for inflicting corporal injury on a cohabitant, in violation of California Penal Code § 273.5(a), constituted a particularly serious crime rendering him ineligible for withholding of removal. ",true,"Petitioner Cesar Alcaraz-Enriquez (“Alcaraz”), a native and citizen of Mexico, petitions for review of the order of the Board of Immigration Appeals (“BIA”), which denied his applications for withholding of removal and deferral of removal under the Convention Against Torture (“CAT”). ",false,,false,,true," Alcaraz failed to prove that the BIA’s finding that he suffered only from police mistreatment, and not “torture,” was unsupported by substantial evidence.",false,,false,,false,"and (2) that the BIA erred in not deeming true Alcaraz’s testimony before the Immigration Judge (“IJ”) in light of the absence of any express adverse credibility determination from the IJ.  Alcaraz-Enriquez v. Sessions, 727 F. App’x 260, 261 (9th Cir. 2018). ",false,,false,,9 min 0 sec,
https://cdn.ca9.uscourts.gov/datastore/opinions/2026/01/20/23-4420.pdf,true,"Gaby Gisselle Guevara-Serrano and her minor daughter—natives and citizens of Honduras—petition for review of the decision of the Board of Immigration Appeals (“BIA”) affirming the denial by an immigration judge (“IJ”) of their applications for asylum, withholding of removal, and relief under the Convention Against Torture (“CAT”). ",true,"Gaby Gisselle Guevara-Serrano and her minor daughter—natives and citizens of Honduras—petition for review of the decision of the Board of Immigration Appeals (“BIA”) affirming the denial by an immigration judge (“IJ”) of their applications for asylum, withholding of removal, and relief under the Convention Against Torture (“CAT”). ",true,"Gaby Gisselle Guevara-Serrano and her minor daughter—natives and citizens of Honduras—petition for review of the decision of the Board of Immigration Appeals (“BIA”) affirming the denial by an immigration judge (“IJ”) of their applications for asylum, withholding of removal, and relief under the Convention Against Torture (“CAT”). ",false,,true,"as well as by the country conditions report documenting uncontrollable violence against women in Honduras, is that an attempt to report would not only have been futile, it would also have been likely to result in further harm to Petitioner.  ",true,"Petitioner credibly testified that she suffered repeated beatings at the hands of her partner, Oscar, who was a gang member.  During a particularly intense beating when Oscar was intoxicated, he stabbed Petitioner in the stomach.  The abuse frequently occurred when she attempted to attend her church. ",true," She testified that Oscar stabbed her, wanted to keep her from going to church, and threatened to kill her if she tried to file a police report. ",true,"Petitioner credibly testified that she suffered repeated beatings at the hands of her partner, Oscar, who was a gang member.  During a particularly intense beating when Oscar was intoxicated, he stabbed Petitioner in the stomach.  The abuse frequently occurred when she attempted to attend her church. ",false,,false,,false,,6 min 59 sec,
https://cdn.ca9.uscourts.gov/datastore/opinions/2025/08/27/24-631.pdf,true," Upon his return to the United States, he was detained for six months before being granted asylum.",true,"After a hearing before an Immigration Judge (“IJ”), at which he had sought relief based on persecution in Cuba, plaintiff-appellant Jorge Felix Ibarra-Perez was granted withholding of removal to Cuba.",true,"Ibarra-Perez filled out a pro se application for asylum, withholding of removal, and protection under the Convention Against Torture (“CAT”) on a Form I-589. ",true,"Ibarra-Perez fled Cuba after two decades of beatings, surveillance, threats, and harassment because of his opposition to the Castro regime",false,,true,"Ibarra-Perez fled Cuba after two decades of beatings, surveillance, threats, and harassment because of his opposition to the Castro regime",true,"Another man opened his jacket and showed a gun.  The men forced Ibarra-Perez into their truck.  One of the men showed Ibarra-Perez photographs taken the day before, including a photograph of him getting the money his daughter had wired to him.  The men told Ibarra-Perez that he had two options— to work for them as a drug mule or to pay them $500 per month. ",true,"Another man opened his jacket and showed a gun.  The men forced Ibarra-Perez into their truck.  One of the men showed Ibarra-Perez photographs taken the day before, including a photograph of him getting the money his daughter had wired to him.  The men told Ibarra-Perez that he had two options— to work for them as a drug mule or to pay them $500 per month. ",false,,false,,true," Upon his return to the United States, he was detained for six months before being granted asylum.",10 min 27 sec,
https://cdn.ca9.uscourts.gov/datastore/opinions/2020/07/06/19-16487.pdf,false,,false,,false,,false,,false,,false,,false,,false,,false,,false,,false,,4 min 13 sec,This opinion does not discuss an individuals claim. It is a case where the petitioner is a legal aid challenging the enactment of a rule regarding applying for asylum in the country a refugee travels through.
https://cdn.ca9.uscourts.gov/datastore/opinions/2025/07/18/25-2581.pdf,false,,false,,false,,false,,false,,false,,false,,false,,false,,false,,false,,1 min 36 sec,This opinion does not discuss an individuals claim. It is a case where the petitioner is challenging the stay in Mexico rule
https://cdn.ca9.uscourts.gov/datastore/opinions/2021/03/24/18-17274.pdf,false,,false,,false,,false,,false,,false,,false,,false,,false,,false,,false,,1 min 40 sec,This opinion does not discuss an individuals claim. It is a case where the petitioner is challenging enactment of a rule
https://cdn.ca9.uscourts.gov/datastore/opinions/2021/08/25/20-70127.pdf,false,"The IJ found him credible but concluded that he had not shown past harm based on a protected ground, a reasonable fear of future harm on account of a protected ground, or fear of torture by the government or with the government’s acquiescence.  Orozco-Lopez then petitioned for our review. ",false,,false,,false,,false,,true,"Gonzalez told the asylum officer that he was physically harmed twice in Mexico in 2013.  In the first incident, he went to pick up money that his family had sent him and was surrounded by several individuals who assaulted and robbed him",false,,true,"Gonzalez told the asylum officer that he was physically harmed twice in Mexico in 2013.  In the first incident, he went to pick up money that his family had sent him and was surrounded by several individuals who assaulted and robbed him",false,,false,,false,,6 min 7 sec,"In this opinion, petitioner's did not pass initial screening to apply for any claims."
https://cdn.ca9.uscourts.gov/datastore/opinions/2020/02/28/18-17274.pdf,false,,false,,false,,false,,false,,false,,false,,false,,false,,false,,false,,1 min 54 sec,This case gives opinion on statute and not an individual's case or application.
https://cdn.ca9.uscourts.gov/datastore/opinions/2020/05/04/16-73915.pdf,false,,false,,false,,false,,false,,false,,false,,false,,false,,false,,false,,3 min 2 sec,This case is about a crime bar to application of relief and the legality of that bar.
https://cdn.ca9.uscourts.gov/datastore/memoranda/2022/08/12/20-70397.pdf,false,,true,order denying withholding of removal and Convention Against Torture (CAT) relief.,true,order denying withholding of removal and Convention Against Torture (CAT) relief.,false,,false,,false,,true,"Ramirez-Cordova contends that she suffered past persecution based on her brother’s former bosses asking her 15 or 20 times where he was and threatening to kill her if he did not show up, but she testified that she never suffered any physical harm in Mexico.",true,"Ramirez-Cordova contends that she suffered past persecution based on her brother’s former bosses asking her 15 or 20 times where he was and threatening to kill her if he did not show up, but she testified that she never suffered any physical harm in Mexico.",false,,false,,false, The IJ found that Ramirez-Cordova failed to establish a nexus between the harm she fears and her membership in a protected group,4 min 41 sec,
https://cdn.ca9.uscourts.gov/datastore/memoranda/2023/01/17/17-73156.pdf,true,"petition for review of a Board of Immigration Appeals (BIA) decision dismissing their appeal from an order of an immigration judge (IJ) denying their applications for asylum, withholding of removal, and relief under the Immigration and Nationality Act and the Convention Against Torture (CAT). ",true,"petition for review of a Board of Immigration Appeals (BIA) decision dismissing their appeal from an order of an immigration judge (IJ) denying their applications for asylum, withholding of removal, and relief under the Immigration and Nationality Act and the Convention Against Torture (CAT). ",true,"petition for review of a Board of Immigration Appeals (BIA) decision dismissing their appeal from an order of an immigration judge (IJ) denying their applications for asylum, withholding of removal, and relief under the Immigration and Nationality Act and the Convention Against Torture (CAT). ",false,,false,,false,,true, Guzman-Hernandez argues that she experienced past persecution because she was the victim of death threats by gang members,true, Guzman-Hernandez argues that she experienced past persecution because she was the victim of death threats by gang members,false,,false,,false,,2 min 38 sec,
https://cdn.ca9.uscourts.gov/datastore/memoranda/2026/05/04/24-5221.pdf,false,,false,,true,The BIA affirmed the decision of an Immigration Judge (“IJ”) denying deferral of removal under the Convention Against Torture (“CAT”) as part of a final order of removal.,false,,false,,false,,false,,true, The BIA concluded that one link in the causal chain—that Otuya’s former criminal boss would learn of Otuya’s deportation and find Otuya if he was deported to Nigeria—was too speculative.,false,,false,,false,,3 min 31 sec,
https://cdn.ca9.uscourts.gov/datastore/memoranda/2023/04/20/22-761.pdf,false,"He moved for reopening to apply for cancellation of removal, asylum, and withholding of removal.  We have jurisdiction under 8 U.S.C. § 1252, and we deny the petition.  ",false,"He moved for reopening to apply for cancellation of removal, asylum, and withholding of removal.  We have jurisdiction under 8 U.S.C. § 1252, and we deny the petition.  ",false,"He moved for reopening to apply for cancellation of removal, asylum, and withholding of removal.  We have jurisdiction under 8 U.S.C. § 1252, and we deny the petition.  ",false,,true, We have previously rejected a similar proposed group of those “returning Mexicans from the United States” as too broad to constitute a particular social group.,false,,false,,false,,false,,false,,false,,3 min 47 sec,
https://cdn.ca9.uscourts.gov/datastore/memoranda/2020/01/28/14-70905.pdf,true,"...asylum application was filed after May 11, 2005, the REAL ID Act guides our review.",true,"The IJ denied Margosyan’s application for asylum, withholding of removal, and protection under the United Nations Convention Against Torture (“CAT”), because Margosayn was not credible based on inconsistencies between her testimony and the neighbors’ affidavit, or, alternatively, even if credible, Margosyan’s asylum and withholding of removal claims failed because she failed to show past or future persecution on account of a protected ground. ",true,"The IJ denied Margosyan’s application for asylum, withholding of removal, and protection under the United Nations Convention Against Torture (“CAT”), because Margosayn was not credible based on inconsistencies between her testimony and the neighbors’ affidavit, or, alternatively, even if credible, Margosyan’s asylum and withholding of removal claims failed because she failed to show past or future persecution on account of a protected ground. ",true,"The circumstantial evidence in the record raises an inference that the police officers sought to punish or retaliate against Margosyan for her husband’s political activities, see id. at 1033, rather than “to settle a personal score with her husband,” 4for which there was no evidence,",false,,false,,false,,false,,true,"The IJ denied Margosyan’s application for asylum, withholding of removal, and protection under the United Nations Convention Against Torture (“CAT”), because Margosayn was not credible based on inconsistencies between her testimony and the neighbors’ affidavit, or, alternatively, even if credible, Margosyan’s asylum and withholding of removal claims failed because she failed to show past or future persecution on account of a protected ground. ",false,,false,,5 min 15 sec,
https://cdn.ca9.uscourts.gov/datastore/memoranda/2024/02/20/22-629.pdf,false,,true,"Juan Carlos Estrada-Hernandez, a native and citizen of Mexico, petitions for review of a Board of Immigration Appeals (“BIA”) dismissal of his appeal from an order of an Immigration Judge (“IJ”) denying his applications for withholding of removal under the Immigration and Naturalization Act and the Convention Against Torture...",true,"Juan Carlos Estrada-Hernandez, a native and citizen of Mexico, petitions for review of a Board of Immigration Appeals (“BIA”) dismissal of his appeal from an order of an Immigration Judge (“IJ”) denying his applications for withholding of removal under the Immigration and Naturalization Act and the Convention Against Torture...",false,,true,"Estrada-Hernandez presented testimony that he was assaulted in Mexico when he was eleven years old because he was gay, an incident which is evidence both that he has been singled out and that he was perceptibly gay as a child; that his mannerisms continue to make him perceptibly ",true,"Estrada-Hernandez presented testimony that he was assaulted in Mexico when he was eleven years old because he was gay, an incident which is evidence both that he has been singled out and that he was perceptibly gay as a child; that his mannerisms continue to make him perceptibly ",false,,false,,false,,false,,false,,3 min 30 sec,
https://cdn.ca9.uscourts.gov/datastore/memoranda/2020/06/17/17-71346.pdf,true,"...immigration judge’s (IJ) denial of his applications for asylum, withholding of removal, and Convention Against Torture (CAT) protection.",true,"...immigration judge’s (IJ) denial of his applications for asylum, withholding of removal, and Convention Against Torture (CAT) protection.",true,"...immigration judge’s (IJ) denial of his applications for asylum, withholding of removal, and Convention Against Torture (CAT) protection.",false,,true,"The Board determined that the harm was not caused “on account of” his particular social group because “the interest of the gang was to extort money from [Cruz-Ramirez and his] family,” and that the gang’s purpose for targeting CruzRamirez was merely to further that interest.",false,,true,"While the gang’s threatening notes and phone calls and the eventual murder of his uncle were directed at Cruz-Ramirez’s family, it is not clear that the gang’s actions were connected to Cruz-Ramirez’s identity or affiliation with his family. ",true,"While the gang’s threatening notes and phone calls and the eventual murder of his uncle were directed at Cruz-Ramirez’s family, it is not clear that the gang’s actions were connected to Cruz-Ramirez’s identity or affiliation with his family. ",false,,false,,false,st.  Substantial evidence supports the Board’s factual determination that Cruz-Ramirez failed to establish a nexus between the persecution he suffered and his membership in his family,5 min 9 sec,
https://cdn.ca9.uscourts.gov/datastore/memoranda/2025/12/16/25-120.pdf,true,"denying Banderas Duarte’s applications for asylum, withholding of removal, and protection under the Convention Against Torture (“CAT”). ",true,"denying Banderas Duarte’s applications for asylum, withholding of removal, and protection under the Convention Against Torture (“CAT”). ",true,"denying Banderas Duarte’s applications for asylum, withholding of removal, and protection under the Convention Against Torture (“CAT”). ",false,,true,withholding of removal claims based on her proposed particular social group (“PSG”) of Mexican women.,true,"Banderas Duarte’s I-589 application stated that she was assaulted several times “and I think it was because I am a woman,” that she was “afraid that they will do something to me because I am a woman,” and that “[t]he government does nothing to protect women.” ",false,,true,"Lead Petitioner alleged that she was robbed 3 or 4 times while selling food.  Lead Petitioner testified that the “only reason” the robber took her money was “just to do drugs.  That’s what they use [the money] for.”  Relying on this testimony, the IJ reasonably found that the robber was only motivated by “his own criminal agenda”—a finding the BIA affirmed.",false,,false,,false,,5 min 37 sec,
https://cdn.ca9.uscourts.gov/datastore/memoranda/2020/12/07/18-70505.pdf,false,,false,,false,,false,,false,,false,,false,,false,,false,,false,,false,,2 min 22 sec,This case is about ineffective counsel.
https://cdn.ca9.uscourts.gov/datastore/memoranda/2021/01/28/18-71905.pdf,true,"Nicolas Pablo Calmo, a native and citizen of Guatemala, petitions for review of the Board of Immigration Appeals’ order dismissing his appeal from an immigration judge’s decision finding him removable and denying his application for asylum, withholding of removal, and relief under the Convention Against",true,"Nicolas Pablo Calmo, a native and citizen of Guatemala, petitions for review of the Board of Immigration Appeals’ order dismissing his appeal from an immigration judge’s decision finding him removable and denying his application for asylum, withholding of removal, and relief under the Convention Against",true,"Nicolas Pablo Calmo, a native and citizen of Guatemala, petitions for review of the Board of Immigration Appeals’ order dismissing his appeal from an immigration judge’s decision finding him removable and denying his application for asylum, withholding of removal, and relief under the Convention Against",false,,false,,false,,false,,false,,false,,false,,false,,1 min 24 sec,
https://cdn.ca9.uscourts.gov/datastore/memoranda/2020/07/17/18-70084.pdf,false,,false,,true,He petitions for review of the Board of Immigration Appeals’ (BIA) denial of relief under the Convention against Torture (CAT).,false,,true,"Because of his family membership, he would be a target for gangs. As many as seven members of his family in Honduras have suffered gang attacks, including rape, brutal beatings and shootings. As a result of his own prison gang membership petitioner bears tattoos that would make him a target not only for gangs but also for police and death squads in Honduras.",false,,false,,true,"Because of his family membership, he would be a target for gangs. As many as seven members of his family in Honduras have suffered gang attacks, including rape, brutal beatings and shootings. As a result of his own prison gang membership petitioner bears tattoos that would make him a target not only for gangs but also for police and death squads in Honduras.",false,,false,,false,,3 min 19 sec,
https://cdn.ca9.uscourts.gov/datastore/memoranda/2025/05/16/24-2787.pdf,true,"decision by the Board of Immigration Appeals (BIA) dismissing their appeal of a ruling by an Immigration Judge (IJ) that denied their applications for asylum, withholding of removal, and relief under the Convention Against Torture (CAT).",true,"decision by the Board of Immigration Appeals (BIA) dismissing their appeal of a ruling by an Immigration Judge (IJ) that denied their applications for asylum, withholding of removal, and relief under the Convention Against Torture (CAT).",true,"decision by the Board of Immigration Appeals (BIA) dismissing their appeal of a ruling by an Immigration Judge (IJ) that denied their applications for asylum, withholding of removal, and relief under the Convention Against Torture (CAT).",true,"Alba testified that, after participating in an April 2018 antigovernment march, she received threatening text messages warning that if Petitioners “kept supporting the protests, [they] [would] be imprisoned and tortured.” In June 2018, Petitioners were stopped and searched by parapolice and warned that if they “did not return home immediately and . . . if [they] continued supporting the marches [they] would be imprisoned.”",false,,true,"Approximately a year after that, paramilitary officers assaulted Lester with a large rock that dislocated his foot, telling Lester “that [was] what [he got] for not supporting the Nicaraguan government and the [Nicaraguan Institute of Social Security].”",true,"Alba testified that, after participating in an April 2018 antigovernment march, she received threatening text messages warning that if Petitioners “kept supporting the protests, [they] [would] be imprisoned and tortured.” In June 2018, Petitioners were stopped and searched by parapolice and warned that if they “did not return home immediately and . . . if [they] continued supporting the marches [they] would be imprisoned.”",false,,false,,false,,false,Petitioners have therefore satisfied the first element of past persecution. We leave the remaining elements of past persecution,6 min 10 sec,
https://cdn.ca9.uscourts.gov/datastore/memoranda/2020/08/10/17-70324.pdf,true,"Chengyong Weng, a native and citizen of China, petitions for review of the Board of Immigration Appeals’ (“BIA”) order dismissing his appeal from an immigration judge’s decision denying his application for asylum, withholding of removal, and relief under the Convention Against Torture (“CAT”).",true,"Chengyong Weng, a native and citizen of China, petitions for review of the Board of Immigration Appeals’ (“BIA”) order dismissing his appeal from an immigration judge’s decision denying his application for asylum, withholding of removal, and relief under the Convention Against Torture (“CAT”).",true,"Chengyong Weng, a native and citizen of China, petitions for review of the Board of Immigration Appeals’ (“BIA”) order dismissing his appeal from an immigration judge’s decision denying his application for asylum, withholding of removal, and relief under the Convention Against Torture (“CAT”).",false,,false,,false,,false,,false,,true,Substantial evidence supports the agency’s adverse credibility determination based on inconsistencies between Weng’s testimony and documentary evidence as to when he began planning to travel to the United States.,false,,false,,1 min 41 sec,
https://cdn.ca9.uscourts.gov/datastore/memoranda/2021/05/10/20-71340.pdf,false,,false,,true,decision denying his application for deferral of removal under the Convention Against Torture (“CAT”),false,,false,,false,,true,"The BIA reviewed the record evidence, incorporated the IJ’s analysis, and added its own reasoning that the circumstances surrounding the death threats and attempted abduction Avila-Arias suffered did not amount to the “extreme and prolonged cruel and inhuman treatment” that define torture.",true,The Board also ignored several pages of testimony in which Dr. Gonzales explained the motive for and mechanics of how La Union pursues and tortures high priority targets like Avila-Arias throughout Mexico.,false,,false,,false,,2 min 33 sec,
https://cdn.ca9.uscourts.gov/datastore/memoranda/2021/03/23/19-71833.pdf,false,,false,,false,,false,,false,,false,,false,,false,,false,,false,,false,,2 min 12 sec,"Does not indicate which relief was sought, speaks on reconsideration of a decision for removal only."
