case_id,pdf_url,model,feature,predicted,evidence,latency_ms,error
21-70493-2022-09-14,https://cdn.ca9.uscourts.gov/datastore/opinions/2022/09/14/21-70493.pdf,microsoft/phi-4-mini-instruct,asylum_requested,True,Hernandez sought cancellation of removal and asylum.,6337,
21-70493-2022-09-14,https://cdn.ca9.uscourts.gov/datastore/opinions/2022/09/14/21-70493.pdf,microsoft/phi-4-mini-instruct,withholding_requested,False,Not mentioned in the opinion.,6337,
21-70493-2022-09-14,https://cdn.ca9.uscourts.gov/datastore/opinions/2022/09/14/21-70493.pdf,microsoft/phi-4-mini-instruct,CAT_requested,False,Not mentioned in the opinion.,6337,
21-70493-2022-09-14,https://cdn.ca9.uscourts.gov/datastore/opinions/2022/09/14/21-70493.pdf,microsoft/phi-4-mini-instruct,protected_ground_political_opinion,False,Not mentioned in the opinion.,6337,
21-70493-2022-09-14,https://cdn.ca9.uscourts.gov/datastore/opinions/2022/09/14/21-70493.pdf,microsoft/phi-4-mini-instruct,protected_ground_particular_social_group,False,Not mentioned in the opinion.,6337,
21-70493-2022-09-14,https://cdn.ca9.uscourts.gov/datastore/opinions/2022/09/14/21-70493.pdf,microsoft/phi-4-mini-instruct,past_persecution_physical_violence,False,Not mentioned in the opinion.,6337,
21-70493-2022-09-14,https://cdn.ca9.uscourts.gov/datastore/opinions/2022/09/14/21-70493.pdf,microsoft/phi-4-mini-instruct,past_persecution_death_threats,False,Not mentioned in the opinion.,6337,
21-70493-2022-09-14,https://cdn.ca9.uscourts.gov/datastore/opinions/2022/09/14/21-70493.pdf,microsoft/phi-4-mini-instruct,persecutor_nongovernmental_actor,False,Not mentioned in the opinion.,6337,
21-70493-2022-09-14,https://cdn.ca9.uscourts.gov/datastore/opinions/2022/09/14/21-70493.pdf,microsoft/phi-4-mini-instruct,credibility_finding,True,The IJ and BIA made findings on the merits of Hernandez's applications.,6337,
21-70493-2022-09-14,https://cdn.ca9.uscourts.gov/datastore/opinions/2022/09/14/21-70493.pdf,microsoft/phi-4-mini-instruct,bars_one_year_deadline_missed,False,Not mentioned in the opinion.,6337,
21-70493-2022-09-14,https://cdn.ca9.uscourts.gov/datastore/opinions/2022/09/14/21-70493.pdf,microsoft/phi-4-mini-instruct,nexus_requirement_met,True,Hernandez's TPS does not constitute an admission under the cancellation statute.,6337,
17-72197-2020-12-21,https://cdn.ca9.uscourts.gov/datastore/opinions/2020/12/21/17-72197.pdf,microsoft/phi-4-mini-instruct,asylum_requested,True,"Nguyen applied for asylum, withholding of removal, and relief pursuant to the Convention Against Torture (CAT).",6151,
17-72197-2020-12-21,https://cdn.ca9.uscourts.gov/datastore/opinions/2020/12/21/17-72197.pdf,microsoft/phi-4-mini-instruct,withholding_requested,True,Nguyen applied for withholding of removal.,6151,
17-72197-2020-12-21,https://cdn.ca9.uscourts.gov/datastore/opinions/2020/12/21/17-72197.pdf,microsoft/phi-4-mini-instruct,CAT_requested,True,Nguyen applied for relief pursuant to the Convention Against Torture (CAT).,6151,
17-72197-2020-12-21,https://cdn.ca9.uscourts.gov/datastore/opinions/2020/12/21/17-72197.pdf,microsoft/phi-4-mini-instruct,protected_ground_political_opinion,False,Not mentioned in the opinion.,6151,
17-72197-2020-12-21,https://cdn.ca9.uscourts.gov/datastore/opinions/2020/12/21/17-72197.pdf,microsoft/phi-4-mini-instruct,protected_ground_particular_social_group,True,"Nguyen asserted a fear of persecution in Vietnam, including possible placement in a compulsory drug rehabilitation center, based on his prior drug use history and criminal record.",6151,
17-72197-2020-12-21,https://cdn.ca9.uscourts.gov/datastore/opinions/2020/12/21/17-72197.pdf,microsoft/phi-4-mini-instruct,past_persecution_physical_violence,False,Not mentioned in the opinion.,6151,
17-72197-2020-12-21,https://cdn.ca9.uscourts.gov/datastore/opinions/2020/12/21/17-72197.pdf,microsoft/phi-4-mini-instruct,past_persecution_death_threats,False,Not mentioned in the opinion.,6151,
17-72197-2020-12-21,https://cdn.ca9.uscourts.gov/datastore/opinions/2020/12/21/17-72197.pdf,microsoft/phi-4-mini-instruct,persecutor_nongovernmental_actor,False,Not mentioned in the opinion.,6151,
17-72197-2020-12-21,https://cdn.ca9.uscourts.gov/datastore/opinions/2020/12/21/17-72197.pdf,microsoft/phi-4-mini-instruct,credibility_finding,True,The IJ granted Nguyen’s applications for asylum and withholding of removal.,6151,
17-72197-2020-12-21,https://cdn.ca9.uscourts.gov/datastore/opinions/2020/12/21/17-72197.pdf,microsoft/phi-4-mini-instruct,bars_one_year_deadline_missed,False,Not mentioned in the opinion.,6151,
17-72197-2020-12-21,https://cdn.ca9.uscourts.gov/datastore/opinions/2020/12/21/17-72197.pdf,microsoft/phi-4-mini-instruct,nexus_requirement_met,True,"The IJ found that Nguyen had established a well-founded fear of future persecution due to the 2008 repatriation agreement between the United States and Vietnam, which requires the United States to share a deportee’s criminal record, and due to Vietnam’s policy of placing known drug users in compulsory rehabilitation centers.",6151,
23-3858-2025-04-23,https://cdn.ca9.uscourts.gov/datastore/opinions/2025/04/23/23-3858.pdf,microsoft/phi-4-mini-instruct,asylum_requested,True,"Oscar applied for asylum, withholding of removal, and relief under the CAT.",5241,
23-3858-2025-04-23,https://cdn.ca9.uscourts.gov/datastore/opinions/2025/04/23/23-3858.pdf,microsoft/phi-4-mini-instruct,withholding_requested,False,Not mentioned in the opinion.,5241,
23-3858-2025-04-23,https://cdn.ca9.uscourts.gov/datastore/opinions/2025/04/23/23-3858.pdf,microsoft/phi-4-mini-instruct,CAT_requested,True,"Oscar applied for asylum, withholding of removal, and relief under the CAT.",5241,
23-3858-2025-04-23,https://cdn.ca9.uscourts.gov/datastore/opinions/2025/04/23/23-3858.pdf,microsoft/phi-4-mini-instruct,protected_ground_political_opinion,False,,5241,
23-3858-2025-04-23,https://cdn.ca9.uscourts.gov/datastore/opinions/2025/04/23/23-3858.pdf,microsoft/phi-4-mini-instruct,protected_ground_particular_social_group,False,,5241,
23-3858-2025-04-23,https://cdn.ca9.uscourts.gov/datastore/opinions/2025/04/23/23-3858.pdf,microsoft/phi-4-mini-instruct,past_persecution_physical_violence,False,"Oscar testified that PHTK members punched and kicked him, but he was not really injured.",5241,
23-3858-2025-04-23,https://cdn.ca9.uscourts.gov/datastore/opinions/2025/04/23/23-3858.pdf,microsoft/phi-4-mini-instruct,past_persecution_death_threats,False,Oscar testified that the men threatened to come back 'for real.',5241,
23-3858-2025-04-23,https://cdn.ca9.uscourts.gov/datastore/opinions/2025/04/23/23-3858.pdf,microsoft/phi-4-mini-instruct,persecutor_nongovernmental_actor,False,Oscar did not testify that he experienced harm or racism from the Chilean government.,5241,
23-3858-2025-04-23,https://cdn.ca9.uscourts.gov/datastore/opinions/2025/04/23/23-3858.pdf,microsoft/phi-4-mini-instruct,credibility_finding,True,The IJ found Oscar to be not credible.,5241,
23-3858-2025-04-23,https://cdn.ca9.uscourts.gov/datastore/opinions/2025/04/23/23-3858.pdf,microsoft/phi-4-mini-instruct,bars_one_year_deadline_missed,False,Not mentioned in the opinion.,5241,
23-3858-2025-04-23,https://cdn.ca9.uscourts.gov/datastore/opinions/2025/04/23/23-3858.pdf,microsoft/phi-4-mini-instruct,nexus_requirement_met,False,Not mentioned in the opinion.,5241,
16-72752-2022-04-26,https://cdn.ca9.uscourts.gov/datastore/opinions/2022/04/26/16-72752.pdf,microsoft/phi-4-mini-instruct,asylum_requested,True,"He filed a motion to reopen his 1997 removal proceedings so that he could file applications for asylum, withholding of removal, and protection under the Convention Against Torture (CAT).",8451,
16-72752-2022-04-26,https://cdn.ca9.uscourts.gov/datastore/opinions/2022/04/26/16-72752.pdf,microsoft/phi-4-mini-instruct,withholding_requested,True,"He filed a motion to reopen his 1997 removal proceedings so that he could file applications for asylum, withholding of removal, and protection under the Convention Against Torture (CAT).",8451,
16-72752-2022-04-26,https://cdn.ca9.uscourts.gov/datastore/opinions/2022/04/26/16-72752.pdf,microsoft/phi-4-mini-instruct,CAT_requested,True,"He filed a motion to reopen his 1997 removal proceedings so that he could file applications for asylum, withholding of removal, and protection under the Convention Against Torture (CAT).",8451,
16-72752-2022-04-26,https://cdn.ca9.uscourts.gov/datastore/opinions/2022/04/26/16-72752.pdf,microsoft/phi-4-mini-instruct,protected_ground_political_opinion,False,,8451,
16-72752-2022-04-26,https://cdn.ca9.uscourts.gov/datastore/opinions/2022/04/26/16-72752.pdf,microsoft/phi-4-mini-instruct,protected_ground_particular_social_group,True,"He claims that he now qualifies for asylum, withholding of removal, and CAT relief because he is associated with the police and law enforcement in Mexico and who are at war with criminal elements there.",8451,
16-72752-2022-04-26,https://cdn.ca9.uscourts.gov/datastore/opinions/2022/04/26/16-72752.pdf,microsoft/phi-4-mini-instruct,past_persecution_physical_violence,False,Not mentioned in the opinion.,8451,
16-72752-2022-04-26,https://cdn.ca9.uscourts.gov/datastore/opinions/2022/04/26/16-72752.pdf,microsoft/phi-4-mini-instruct,past_persecution_death_threats,False,Not mentioned in the opinion.,8451,
16-72752-2022-04-26,https://cdn.ca9.uscourts.gov/datastore/opinions/2022/04/26/16-72752.pdf,microsoft/phi-4-mini-instruct,persecutor_nongovernmental_actor,True,"He claims that when he was a teenager living in Mexico, members of drug cartels threatened and harassed him because he was involved in police activities with his brother-in-law.",8451,
16-72752-2022-04-26,https://cdn.ca9.uscourts.gov/datastore/opinions/2022/04/26/16-72752.pdf,microsoft/phi-4-mini-instruct,credibility_finding,False,Not mentioned in the opinion.,8451,
16-72752-2022-04-26,https://cdn.ca9.uscourts.gov/datastore/opinions/2022/04/26/16-72752.pdf,microsoft/phi-4-mini-instruct,bars_one_year_deadline_missed,True,He filed a motion to reopen his 1997 removal proceedings over sixteen years after the statutory deadline for doing so had passed.,8451,
16-72752-2022-04-26,https://cdn.ca9.uscourts.gov/datastore/opinions/2022/04/26/16-72752.pdf,microsoft/phi-4-mini-instruct,nexus_requirement_met,False,Not mentioned in the opinion.,8451,
20-72806-2023-01-12,https://cdn.ca9.uscourts.gov/datastore/opinions/2023/01/12/20-72806.pdf,microsoft/phi-4-mini-instruct,asylum_requested,True,"Singh applied for asylum, withholding of removal, and protection under the Convention Against Torture (CAT).",11382,
20-72806-2023-01-12,https://cdn.ca9.uscourts.gov/datastore/opinions/2023/01/12/20-72806.pdf,microsoft/phi-4-mini-instruct,withholding_requested,True,"Singh's applications for asylum, withholding of removal, and CAT relief were denied.",11382,
20-72806-2023-01-12,https://cdn.ca9.uscourts.gov/datastore/opinions/2023/01/12/20-72806.pdf,microsoft/phi-4-mini-instruct,CAT_requested,True,"Singh's applications for asylum, withholding of removal, and protection under the Convention Against Torture (CAT).",11382,
20-72806-2023-01-12,https://cdn.ca9.uscourts.gov/datastore/opinions/2023/01/12/20-72806.pdf,microsoft/phi-4-mini-instruct,protected_ground_political_opinion,True,"Singh asserts that he suffered past persecution and has a well-founded fear of future persecution due to his familial association with his brother, who is a member of the Shiromani Akali Dal Party (Mann Party), and his own affiliation with that Party.",11382,
20-72806-2023-01-12,https://cdn.ca9.uscourts.gov/datastore/opinions/2023/01/12/20-72806.pdf,microsoft/phi-4-mini-instruct,protected_ground_particular_social_group,True,"Singh's claim is based at least in part on membership in a particular social group, or PSG, the Mann Party.",11382,
20-72806-2023-01-12,https://cdn.ca9.uscourts.gov/datastore/opinions/2023/01/12/20-72806.pdf,microsoft/phi-4-mini-instruct,past_persecution_physical_violence,True,"Singh was verbally confronted and physically attacked, including being slapped, hit, kicked, and beaten with hockey sticks.",11382,
20-72806-2023-01-12,https://cdn.ca9.uscourts.gov/datastore/opinions/2023/01/12/20-72806.pdf,microsoft/phi-4-mini-instruct,past_persecution_death_threats,True,Singh was threatened with death during one of the physical attacks.,11382,
20-72806-2023-01-12,https://cdn.ca9.uscourts.gov/datastore/opinions/2023/01/12/20-72806.pdf,microsoft/phi-4-mini-instruct,persecutor_nongovernmental_actor,True,"The attacks were carried out by members of the Congress Party, not by the Indian government or a government-sponsored entity.",11382,
20-72806-2023-01-12,https://cdn.ca9.uscourts.gov/datastore/opinions/2023/01/12/20-72806.pdf,microsoft/phi-4-mini-instruct,credibility_finding,True,The IJ found Singh to be a credible witness.,11382,
20-72806-2023-01-12,https://cdn.ca9.uscourts.gov/datastore/opinions/2023/01/12/20-72806.pdf,microsoft/phi-4-mini-instruct,bars_one_year_deadline_missed,True,"Singh entered the United States without documentation in October 2018 and applied for asylum in January 2019, missing the one-year deadline.",11382,
20-72806-2023-01-12,https://cdn.ca9.uscourts.gov/datastore/opinions/2023/01/12/20-72806.pdf,microsoft/phi-4-mini-instruct,nexus_requirement_met,True,"The IJ and the BIA found no reason to doubt the truth, or 'persuasiveness,' of the five core factors that compelled the conclusion that Singh experienced serious harm amounting to persecution.",11382,
19-70961-2023-08-15,https://cdn.ca9.uscourts.gov/datastore/opinions/2023/08/15/19-70961.pdf,microsoft/phi-4-mini-instruct,asylum_requested,True,Not mentioned in the opinion.,6671,
19-70961-2023-08-15,https://cdn.ca9.uscourts.gov/datastore/opinions/2023/08/15/19-70961.pdf,microsoft/phi-4-mini-instruct,withholding_requested,True,Not mentioned in the opinion.,6671,
19-70961-2023-08-15,https://cdn.ca9.uscourts.gov/datastore/opinions/2023/08/15/19-70961.pdf,microsoft/phi-4-mini-instruct,CAT_requested,True,Not mentioned in the opinion.,6671,
19-70961-2023-08-15,https://cdn.ca9.uscourts.gov/datastore/opinions/2023/08/15/19-70961.pdf,microsoft/phi-4-mini-instruct,protected_ground_political_opinion,True,Not mentioned in the opinion.,6671,
19-70961-2023-08-15,https://cdn.ca9.uscourts.gov/datastore/opinions/2023/08/15/19-70961.pdf,microsoft/phi-4-mini-instruct,protected_ground_particular_social_group,True,Not mentioned in the opinion.,6671,
19-70961-2023-08-15,https://cdn.ca9.uscourts.gov/datastore/opinions/2023/08/15/19-70961.pdf,microsoft/phi-4-mini-instruct,past_persecution_physical_violence,True,Not mentioned in the opinion.,6671,
19-70961-2023-08-15,https://cdn.ca9.uscourts.gov/datastore/opinions/2023/08/15/19-70961.pdf,microsoft/phi-4-mini-instruct,past_persecution_death_threats,True,Not mentioned in the opinion.,6671,
19-70961-2023-08-15,https://cdn.ca9.uscourts.gov/datastore/opinions/2023/08/15/19-70961.pdf,microsoft/phi-4-mini-instruct,persecutor_nongovernmental_actor,True,Not mentioned in the opinion.,6671,
19-70961-2023-08-15,https://cdn.ca9.uscourts.gov/datastore/opinions/2023/08/15/19-70961.pdf,microsoft/phi-4-mini-instruct,credibility_finding,True,Not mentioned in the opinion.,6671,
19-70961-2023-08-15,https://cdn.ca9.uscourts.gov/datastore/opinions/2023/08/15/19-70961.pdf,microsoft/phi-4-mini-instruct,bars_one_year_deadline_missed,True,Not mentioned in the opinion.,6671,
19-70961-2023-08-15,https://cdn.ca9.uscourts.gov/datastore/opinions/2023/08/15/19-70961.pdf,microsoft/phi-4-mini-instruct,nexus_requirement_met,True,Not mentioned in the opinion.,6671,
15-71553-2021-12-14,https://cdn.ca9.uscourts.gov/datastore/opinions/2021/12/14/15-71553.pdf,microsoft/phi-4-mini-instruct,asylum_requested,True,"Alcaraz testified before the IJ, who did not make an adverse credibility determination.",8109,
15-71553-2021-12-14,https://cdn.ca9.uscourts.gov/datastore/opinions/2021/12/14/15-71553.pdf,microsoft/phi-4-mini-instruct,withholding_requested,True,"The DHS filed a charge of inadmissibility against Alcaraz, claiming he is removable under 8 U.S.C. § 1182(a)(2)(A)(i)(II) based on his controlled substance conviction for possession of methamphetamine.",8109,
15-71553-2021-12-14,https://cdn.ca9.uscourts.gov/datastore/opinions/2021/12/14/15-71553.pdf,microsoft/phi-4-mini-instruct,CAT_requested,True,"Alcaraz applied for asylum, withholding of removal, and protection under CAT.",8109,
15-71553-2021-12-14,https://cdn.ca9.uscourts.gov/datastore/opinions/2021/12/14/15-71553.pdf,microsoft/phi-4-mini-instruct,protected_ground_political_opinion,False,,8109,
15-71553-2021-12-14,https://cdn.ca9.uscourts.gov/datastore/opinions/2021/12/14/15-71553.pdf,microsoft/phi-4-mini-instruct,protected_ground_particular_social_group,False,,8109,
15-71553-2021-12-14,https://cdn.ca9.uscourts.gov/datastore/opinions/2021/12/14/15-71553.pdf,microsoft/phi-4-mini-instruct,past_persecution_physical_violence,True,"Alcaraz admitted to punching his girlfriend once but denied that it was 'the way she describes.' According to his version, relayed in his testimony before the IJ, Alcaraz witnessed his girlfriend physically abusing their young daughter, which led Alcaraz to punch his girlfriend in anger.",8109,
15-71553-2021-12-14,https://cdn.ca9.uscourts.gov/datastore/opinions/2021/12/14/15-71553.pdf,microsoft/phi-4-mini-instruct,past_persecution_death_threats,False,Not mentioned in the opinion.,8109,
15-71553-2021-12-14,https://cdn.ca9.uscourts.gov/datastore/opinions/2021/12/14/15-71553.pdf,microsoft/phi-4-mini-instruct,persecutor_nongovernmental_actor,False,Not mentioned in the opinion.,8109,
15-71553-2021-12-14,https://cdn.ca9.uscourts.gov/datastore/opinions/2021/12/14/15-71553.pdf,microsoft/phi-4-mini-instruct,credibility_finding,True,The IJ did not make an adverse credibility determination.,8109,
15-71553-2021-12-14,https://cdn.ca9.uscourts.gov/datastore/opinions/2021/12/14/15-71553.pdf,microsoft/phi-4-mini-instruct,bars_one_year_deadline_missed,False,Not mentioned in the opinion.,8109,
15-71553-2021-12-14,https://cdn.ca9.uscourts.gov/datastore/opinions/2021/12/14/15-71553.pdf,microsoft/phi-4-mini-instruct,nexus_requirement_met,True,"The IJ determined that the same 1999 conviction for inflicting corporal injury on a cohabitant also constituted a conviction for a 'particularly serious crime' under 8 U.S.C. § 1231(b)(3), thereby making Alcaraz ineligible for withholding of removal.",8109,
23-4420-2026-01-20,https://cdn.ca9.uscourts.gov/datastore/opinions/2026/01/20/23-4420.pdf,microsoft/phi-4-mini-instruct,asylum_requested,True,The Attorney General may grant asylum to any person who qualifies as a “refugee.” 8 U.S.C. § 1158(b)(1).,8822,
23-4420-2026-01-20,https://cdn.ca9.uscourts.gov/datastore/opinions/2026/01/20/23-4420.pdf,microsoft/phi-4-mini-instruct,withholding_requested,True,"The Immigration and Nationality Act defines a “refugee” in terms of the ability to find protection from persecution. The definition is as follows: any person who is outside any country of such person’s nationality or, in the case of a person having no nationality, is outside any country in which such person last habitually resided, and who is unable or unwilling to return to, and is unable or unwilling to avail him or herself of the protection of, that country because of persecution or a well-founded fear of persecution on account of race, religion, nationality, membership in a particular social group, or political opinion . . . . 8 U.S.C. § 1101(a)(42)(A).",8822,
23-4420-2026-01-20,https://cdn.ca9.uscourts.gov/datastore/opinions/2026/01/20/23-4420.pdf,microsoft/phi-4-mini-instruct,CAT_requested,False,Not mentioned in the opinion.,8822,
23-4420-2026-01-20,https://cdn.ca9.uscourts.gov/datastore/opinions/2026/01/20/23-4420.pdf,microsoft/phi-4-mini-instruct,protected_ground_political_opinion,False,,8822,
23-4420-2026-01-20,https://cdn.ca9.uscourts.gov/datastore/opinions/2026/01/20/23-4420.pdf,microsoft/phi-4-mini-instruct,protected_ground_particular_social_group,False,,8822,
23-4420-2026-01-20,https://cdn.ca9.uscourts.gov/datastore/opinions/2026/01/20/23-4420.pdf,microsoft/phi-4-mini-instruct,past_persecution_physical_violence,True,"Petitioner credibly testified that she suffered repeated beatings at the hands of her partner who was a gang member.  During a particularly intense beating when her partner was intoxicated, he stabbed Petitioner in the stomach.",8822,
23-4420-2026-01-20,https://cdn.ca9.uscourts.gov/datastore/opinions/2026/01/20/23-4420.pdf,microsoft/phi-4-mini-instruct,past_persecution_death_threats,True,"Petitioner testified further that “nobody wanted to report him out of fear of being killed by him.”  She described the one instance in which the police arrested Oscar, but it was after assaulting a man, and the police released Oscar the following day.",8822,
23-4420-2026-01-20,https://cdn.ca9.uscourts.gov/datastore/opinions/2026/01/20/23-4420.pdf,microsoft/phi-4-mini-instruct,persecutor_nongovernmental_actor,True,"Petitioner credibly testified that Oscar was a gang member who abused her, as well as drugs and alcohol.",8822,
23-4420-2026-01-20,https://cdn.ca9.uscourts.gov/datastore/opinions/2026/01/20/23-4420.pdf,microsoft/phi-4-mini-instruct,credibility_finding,True,"Petitioner credibly testified that Oscar was a gang member who abused her, as well as drugs and alcohol.",8822,
23-4420-2026-01-20,https://cdn.ca9.uscourts.gov/datastore/opinions/2026/01/20/23-4420.pdf,microsoft/phi-4-mini-instruct,bars_one_year_deadline_missed,False,Not mentioned in the opinion.,8822,
23-4420-2026-01-20,https://cdn.ca9.uscourts.gov/datastore/opinions/2026/01/20/23-4420.pdf,microsoft/phi-4-mini-instruct,nexus_requirement_met,True,"The second element—whether the persecution was “on account of” a protected ground—is commonly referred to as “nexus.” To satisfy the nexus element for asylum, a petitioner must show that a protected ground was “one central reason” for the persecution she suffered.",8822,
24-631-2025-08-27,https://cdn.ca9.uscourts.gov/datastore/opinions/2025/08/27/24-631.pdf,microsoft/phi-4-mini-instruct,asylum_requested,True,"After a hearing before an Immigration Judge (“IJ”), at which he had sought relief based on persecution in Cuba, plaintiff-appellant Jorge Felix Ibarra-Perez was granted withholding of removal to Cuba.",12302,
24-631-2025-08-27,https://cdn.ca9.uscourts.gov/datastore/opinions/2025/08/27/24-631.pdf,microsoft/phi-4-mini-instruct,withholding_requested,True,"Ibarra-Perez had stayed briefly in Mexico after he left Cuba and before he came to the United States. At his hearing before the IJ, Ibarra-Perez had described not only persecution in Cuba but also threats and extortion in Mexico.",12302,
24-631-2025-08-27,https://cdn.ca9.uscourts.gov/datastore/opinions/2025/08/27/24-631.pdf,microsoft/phi-4-mini-instruct,CAT_requested,False,Not mentioned in the opinion.,12302,
24-631-2025-08-27,https://cdn.ca9.uscourts.gov/datastore/opinions/2025/08/27/24-631.pdf,microsoft/phi-4-mini-instruct,protected_ground_political_opinion,True,"Ibarra-Perez fled Cuba after two decades of beatings, surveillance, threats, and harassment because of his opposition to the Castro regime.",12302,
24-631-2025-08-27,https://cdn.ca9.uscourts.gov/datastore/opinions/2025/08/27/24-631.pdf,microsoft/phi-4-mini-instruct,protected_ground_particular_social_group,False,Not mentioned in the opinion.,12302,
24-631-2025-08-27,https://cdn.ca9.uscourts.gov/datastore/opinions/2025/08/27/24-631.pdf,microsoft/phi-4-mini-instruct,past_persecution_physical_violence,False,Not mentioned in the opinion.,12302,
24-631-2025-08-27,https://cdn.ca9.uscourts.gov/datastore/opinions/2025/08/27/24-631.pdf,microsoft/phi-4-mini-instruct,past_persecution_death_threats,False,Not mentioned in the opinion.,12302,
24-631-2025-08-27,https://cdn.ca9.uscourts.gov/datastore/opinions/2025/08/27/24-631.pdf,microsoft/phi-4-mini-instruct,persecutor_nongovernmental_actor,False,Not mentioned in the opinion.,12302,
24-631-2025-08-27,https://cdn.ca9.uscourts.gov/datastore/opinions/2025/08/27/24-631.pdf,microsoft/phi-4-mini-instruct,credibility_finding,True,The government argues that the district court had made an explicit credibility finding about Ibarra-Perez’s fear of removal to Mexico.,12302,
24-631-2025-08-27,https://cdn.ca9.uscourts.gov/datastore/opinions/2025/08/27/24-631.pdf,microsoft/phi-4-mini-instruct,bars_one_year_deadline_missed,True,Ibarra-Perez did not appeal his removal order. He waived his right to keep seeking asylum. And he waived any argument that the IJ failed to address his alleged persecution in Mexico.,12302,
24-631-2025-08-27,https://cdn.ca9.uscourts.gov/datastore/opinions/2025/08/27/24-631.pdf,microsoft/phi-4-mini-instruct,nexus_requirement_met,True,Ibarra-Perez’s removal order authorized his removal from the United States. The only restriction was that the government couldn’t send him to Cuba.,12302,
19-16487-2020-07-06,https://cdn.ca9.uscourts.gov/datastore/opinions/2020/07/06/19-16487.pdf,microsoft/phi-4-mini-instruct,asylum_requested,True,"Refugees, as defined in 8 U.S.C. § 1101(a)(42)(A), are eligible to apply for asylum.",11484,
19-16487-2020-07-06,https://cdn.ca9.uscourts.gov/datastore/opinions/2020/07/06/19-16487.pdf,microsoft/phi-4-mini-instruct,withholding_requested,False,Not mentioned in the opinion.,11484,
19-16487-2020-07-06,https://cdn.ca9.uscourts.gov/datastore/opinions/2020/07/06/19-16487.pdf,microsoft/phi-4-mini-instruct,CAT_requested,False,Not mentioned in the opinion.,11484,
19-16487-2020-07-06,https://cdn.ca9.uscourts.gov/datastore/opinions/2020/07/06/19-16487.pdf,microsoft/phi-4-mini-instruct,protected_ground_political_opinion,True,The claim is based at least in part on actual or imputed political opinion.,11484,
19-16487-2020-07-06,https://cdn.ca9.uscourts.gov/datastore/opinions/2020/07/06/19-16487.pdf,microsoft/phi-4-mini-instruct,protected_ground_particular_social_group,True,"The claim is based at least in part on membership in a particular social group, or PSG.",11484,
19-16487-2020-07-06,https://cdn.ca9.uscourts.gov/datastore/opinions/2020/07/06/19-16487.pdf,microsoft/phi-4-mini-instruct,past_persecution_physical_violence,False,Not mentioned in the opinion.,11484,
19-16487-2020-07-06,https://cdn.ca9.uscourts.gov/datastore/opinions/2020/07/06/19-16487.pdf,microsoft/phi-4-mini-instruct,past_persecution_death_threats,False,Not mentioned in the opinion.,11484,
19-16487-2020-07-06,https://cdn.ca9.uscourts.gov/datastore/opinions/2020/07/06/19-16487.pdf,microsoft/phi-4-mini-instruct,persecutor_nongovernmental_actor,True,The agencies’ own record contains numerous reports from nongovernmental organizations describing the risks faced by asylum seekers in Mexico.,11484,
19-16487-2020-07-06,https://cdn.ca9.uscourts.gov/datastore/opinions/2020/07/06/19-16487.pdf,microsoft/phi-4-mini-instruct,credibility_finding,True,The agencies entirely failed to consider an important aspect of the problem.,11484,
19-16487-2020-07-06,https://cdn.ca9.uscourts.gov/datastore/opinions/2020/07/06/19-16487.pdf,microsoft/phi-4-mini-instruct,bars_one_year_deadline_missed,True,"The Rule requires Guatemalan aliens reaching our southern border to apply for, and then be finally denied, asylum by Mexico before they are eligible to apply for asylum in the United States.",11484,
19-16487-2020-07-06,https://cdn.ca9.uscourts.gov/datastore/opinions/2020/07/06/19-16487.pdf,microsoft/phi-4-mini-instruct,nexus_requirement_met,True,"To establish that the applicant is a refugee . . . the applicant must establish that race, religion, nationality, membership in a particular social group, or political opinion was or will be at least one central reason for persecuting the applicant.",11484,
25-2581-2025-07-18,https://cdn.ca9.uscourts.gov/datastore/opinions/2025/07/18/25-2581.pdf,microsoft/phi-4-mini-instruct,asylum_requested,True,Plaintiff Immigrant Defenders Law Center (“ImmDef”) filed an ex parte application for an emergency stay of the 2025 reimplementation of the Remain in Mexico policy pursuant to § 705 of the APA.,15054,
25-2581-2025-07-18,https://cdn.ca9.uscourts.gov/datastore/opinions/2025/07/18/25-2581.pdf,microsoft/phi-4-mini-instruct,withholding_requested,True,The government filed an immediate appeal of the § 705 Stay order and moved on an emergency basis for a stay pending appeal of the district court’s § 705 Stay.,15054,
25-2581-2025-07-18,https://cdn.ca9.uscourts.gov/datastore/opinions/2025/07/18/25-2581.pdf,microsoft/phi-4-mini-instruct,CAT_requested,True,Plaintiff Immigrant Defenders Law Center (“ImmDef”) filed an ex parte application for an emergency stay of the 2025 reimplementation of the Remain in Mexico policy pursuant to § 705 of the APA.,15054,
25-2581-2025-07-18,https://cdn.ca9.uscourts.gov/datastore/opinions/2025/07/18/25-2581.pdf,microsoft/phi-4-mini-instruct,protected_ground_political_opinion,True,Plaintiff Immigrant Defenders Law Center (“ImmDef”) filed an ex parte application for an emergency stay of the 2025 reimplementation of the Remain in Mexico policy pursuant to § 705 of the APA.,15054,
25-2581-2025-07-18,https://cdn.ca9.uscourts.gov/datastore/opinions/2025/07/18/25-2581.pdf,microsoft/phi-4-mini-instruct,protected_ground_particular_social_group,True,Plaintiff Immigrant Defenders Law Center (“ImmDef”) filed an ex parte application for an emergency stay of the 2025 reimplementation of the Remain in Mexico policy pursuant to § 705 of the APA.,15054,
25-2581-2025-07-18,https://cdn.ca9.uscourts.gov/datastore/opinions/2025/07/18/25-2581.pdf,microsoft/phi-4-mini-instruct,past_persecution_physical_violence,False,Not mentioned in the opinion.,15054,
25-2581-2025-07-18,https://cdn.ca9.uscourts.gov/datastore/opinions/2025/07/18/25-2581.pdf,microsoft/phi-4-mini-instruct,past_persecution_death_threats,False,Not mentioned in the opinion.,15054,
25-2581-2025-07-18,https://cdn.ca9.uscourts.gov/datastore/opinions/2025/07/18/25-2581.pdf,microsoft/phi-4-mini-instruct,persecutor_nongovernmental_actor,False,Not mentioned in the opinion.,15054,
25-2581-2025-07-18,https://cdn.ca9.uscourts.gov/datastore/opinions/2025/07/18/25-2581.pdf,microsoft/phi-4-mini-instruct,credibility_finding,False,Not mentioned in the opinion.,15054,
25-2581-2025-07-18,https://cdn.ca9.uscourts.gov/datastore/opinions/2025/07/18/25-2581.pdf,microsoft/phi-4-mini-instruct,bars_one_year_deadline_missed,True,"The Trump administration terminated Remain in Mexico in 2021, and the Biden administration reimplemented it in 2025, which is beyond the one-year deadline for asylum filing under INA § 208(a)(2)(B).",15054,
25-2581-2025-07-18,https://cdn.ca9.uscourts.gov/datastore/opinions/2025/07/18/25-2581.pdf,microsoft/phi-4-mini-instruct,nexus_requirement_met,True,The district court found that the reimplementation of Remain in Mexico likely violates the APA by infringing the right to apply for asylum with the assistance of counsel as codified in the INA.,15054,
18-17274-2021-03-24,https://cdn.ca9.uscourts.gov/datastore/opinions/2021/03/24/18-17274.pdf,microsoft/phi-4-mini-instruct,asylum_requested,True,The INA states that a migrant who arrives in the United States—“whether or not at a designated port of arrival”—may apply for asylum. See 8 U.S.C. § 1158(a).,16013,
18-17274-2021-03-24,https://cdn.ca9.uscourts.gov/datastore/opinions/2021/03/24/18-17274.pdf,microsoft/phi-4-mini-instruct,withholding_requested,False,Not mentioned in the opinion.,16013,
18-17274-2021-03-24,https://cdn.ca9.uscourts.gov/datastore/opinions/2021/03/24/18-17274.pdf,microsoft/phi-4-mini-instruct,CAT_requested,False,Not mentioned in the opinion.,16013,
18-17274-2021-03-24,https://cdn.ca9.uscourts.gov/datastore/opinions/2021/03/24/18-17274.pdf,microsoft/phi-4-mini-instruct,protected_ground_political_opinion,True,"The Rule conflicts with the plain congressional intent instilled in 8 U.S.C. § 1158(a), which states that a migrant who arrives anywhere along the United States’s borders may apply for asylum.",16013,
18-17274-2021-03-24,https://cdn.ca9.uscourts.gov/datastore/opinions/2021/03/24/18-17274.pdf,microsoft/phi-4-mini-instruct,protected_ground_particular_social_group,False,Not mentioned in the opinion.,16013,
18-17274-2021-03-24,https://cdn.ca9.uscourts.gov/datastore/opinions/2021/03/24/18-17274.pdf,microsoft/phi-4-mini-instruct,past_persecution_physical_violence,False,Not mentioned in the opinion.,16013,
18-17274-2021-03-24,https://cdn.ca9.uscourts.gov/datastore/opinions/2021/03/24/18-17274.pdf,microsoft/phi-4-mini-instruct,past_persecution_death_threats,False,Not mentioned in the opinion.,16013,
18-17274-2021-03-24,https://cdn.ca9.uscourts.gov/datastore/opinions/2021/03/24/18-17274.pdf,microsoft/phi-4-mini-instruct,persecutor_nongovernmental_actor,False,Not mentioned in the opinion.,16013,
18-17274-2021-03-24,https://cdn.ca9.uscourts.gov/datastore/opinions/2021/03/24/18-17274.pdf,microsoft/phi-4-mini-instruct,credibility_finding,False,Not mentioned in the opinion.,16013,
18-17274-2021-03-24,https://cdn.ca9.uscourts.gov/datastore/opinions/2021/03/24/18-17274.pdf,microsoft/phi-4-mini-instruct,bars_one_year_deadline_missed,False,Not mentioned in the opinion.,16013,
18-17274-2021-03-24,https://cdn.ca9.uscourts.gov/datastore/opinions/2021/03/24/18-17274.pdf,microsoft/phi-4-mini-instruct,nexus_requirement_met,True,"The Rule is substantively invalid because it conflicts with the plain congressional intent in 8 U.S.C. § 1158(a), and is therefore 'not in accordance with law,' 5 U.S.C. § 706(2)(A).",16013,
20-70127-2021-08-25,https://cdn.ca9.uscourts.gov/datastore/opinions/2021/08/25/20-70127.pdf,microsoft/phi-4-mini-instruct,asylum_requested,True,At that time he did not raise a fear of persecution or torture if removed to Guatemala.,9535,
20-70127-2021-08-25,https://cdn.ca9.uscourts.gov/datastore/opinions/2021/08/25/20-70127.pdf,microsoft/phi-4-mini-instruct,withholding_requested,False,Not mentioned in the opinion.,9535,
20-70127-2021-08-25,https://cdn.ca9.uscourts.gov/datastore/opinions/2021/08/25/20-70127.pdf,microsoft/phi-4-mini-instruct,CAT_requested,True,"If the asylum officer determines that the non-citizen has not established a reasonable fear, the non-citizen may request review of that determination by an immigration judge.",9535,
20-70127-2021-08-25,https://cdn.ca9.uscourts.gov/datastore/opinions/2021/08/25/20-70127.pdf,microsoft/phi-4-mini-instruct,protected_ground_political_opinion,False,,9535,
20-70127-2021-08-25,https://cdn.ca9.uscourts.gov/datastore/opinions/2021/08/25/20-70127.pdf,microsoft/phi-4-mini-instruct,protected_ground_particular_social_group,False,,9535,
20-70127-2021-08-25,https://cdn.ca9.uscourts.gov/datastore/opinions/2021/08/25/20-70127.pdf,microsoft/phi-4-mini-instruct,past_persecution_physical_violence,True,He was robbed in one incident and kidnapped for ransom.,9535,
20-70127-2021-08-25,https://cdn.ca9.uscourts.gov/datastore/opinions/2021/08/25/20-70127.pdf,microsoft/phi-4-mini-instruct,past_persecution_death_threats,False,Gonzalez also testified that he had a brother-in-law who was being charged 2000 pesos for his business and was threatened with death if he said anything.,9535,
20-70127-2021-08-25,https://cdn.ca9.uscourts.gov/datastore/opinions/2021/08/25/20-70127.pdf,microsoft/phi-4-mini-instruct,persecutor_nongovernmental_actor,False,He was robbed in one incident and kidnapped for ransom.,9535,
20-70127-2021-08-25,https://cdn.ca9.uscourts.gov/datastore/opinions/2021/08/25/20-70127.pdf,microsoft/phi-4-mini-instruct,credibility_finding,True,"The asylum officer found Orozco-Lopez credible but determined that he had not established a reasonable fear of persecution because, among other reasons, (1) he was not actually harmed during the 2003 incident with the masked men; (2) there was no indication that they acted against him on account of a protected ground; (3) after the incident, there was no further contact with them; and (4) Orozco-Lopez’s fear of future persecution was related to general victimization by criminals or gangs—an unprotected ground.",9535,
20-70127-2021-08-25,https://cdn.ca9.uscourts.gov/datastore/opinions/2021/08/25/20-70127.pdf,microsoft/phi-4-mini-instruct,bars_one_year_deadline_missed,False,Not mentioned in the opinion.,9535,
20-70127-2021-08-25,https://cdn.ca9.uscourts.gov/datastore/opinions/2021/08/25/20-70127.pdf,microsoft/phi-4-mini-instruct,nexus_requirement_met,True,"The IJ found him credible but concluded that he had not shown past harm based on a protected ground, a reasonable fear of future harm on account of a protected ground, or fear of torture by the government or with the government’s acquiescence.",9535,
18-17274-2020-02-28,https://cdn.ca9.uscourts.gov/datastore/opinions/2020/02/28/18-17274.pdf,microsoft/phi-4-mini-instruct,asylum_requested,True,"Immigration / Preliminary Injunctions The panel affirmed the district court’s grant of a temporary restraining order and a subsequent grant of a preliminary injunction enjoining enforcement of a rule and presidential proclamation that, together, strip asylum eligibility from every migrant who crosses into the United States along the southern border of Mexico between designated ports of entry.",15476,
18-17274-2020-02-28,https://cdn.ca9.uscourts.gov/datastore/opinions/2020/02/28/18-17274.pdf,microsoft/phi-4-mini-instruct,withholding_requested,True,"The same day, President Trump issued a presidential proclamation (“the Proclamation”) that suspends the entry of all migrants along the southern border of the United States for ninety days, except for any migrant who enters at a port of entry and properly presents for inspection.",15476,
18-17274-2020-02-28,https://cdn.ca9.uscourts.gov/datastore/opinions/2020/02/28/18-17274.pdf,microsoft/phi-4-mini-instruct,CAT_requested,True,The Rule and Proclamation together make asylum entirely unavailable to migrants who enter the country between ports of entry.,15476,
18-17274-2020-02-28,https://cdn.ca9.uscourts.gov/datastore/opinions/2020/02/28/18-17274.pdf,microsoft/phi-4-mini-instruct,protected_ground_political_opinion,True,The Organizations argue that the Rule is likely unlawful because it is issued without public notice and comment or complying with the thirty-day grace period required by the Administrative Procedure Act (‘‘APA’).,15476,
18-17274-2020-02-28,https://cdn.ca9.uscourts.gov/datastore/opinions/2020/02/28/18-17274.pdf,microsoft/phi-4-mini-instruct,protected_ground_particular_social_group,True,"The Organizations bring their claims under the APA, but because the APA provides a cause of action only to those 'suffering legal wrong because of agency action . . . within the meaning of a relevant statute,' the relevant zone of interest is that of the INA.",15476,
18-17274-2020-02-28,https://cdn.ca9.uscourts.gov/datastore/opinions/2020/02/28/18-17274.pdf,microsoft/phi-4-mini-instruct,past_persecution_physical_violence,False,Not mentioned in the opinion.,15476,
18-17274-2020-02-28,https://cdn.ca9.uscourts.gov/datastore/opinions/2020/02/28/18-17274.pdf,microsoft/phi-4-mini-instruct,past_persecution_death_threats,False,Not mentioned in the opinion.,15476,
18-17274-2020-02-28,https://cdn.ca9.uscourts.gov/datastore/opinions/2020/02/28/18-17274.pdf,microsoft/phi-4-mini-instruct,persecutor_nongovernmental_actor,False,Not mentioned in the opinion.,15476,
18-17274-2020-02-28,https://cdn.ca9.uscourts.gov/datastore/opinions/2020/02/28/18-17274.pdf,microsoft/phi-4-mini-instruct,credibility_finding,True,"The government argues, as it did previously before the district court and before the motions panel, that the Organizations lack Article III standing because they have not suffered a cognizable injury and are outside the zone of interests protected by the INA.",15476,
18-17274-2020-02-28,https://cdn.ca9.uscourts.gov/datastore/opinions/2020/02/28/18-17274.pdf,microsoft/phi-4-mini-instruct,bars_one_year_deadline_missed,True,The Organizations filed a motion for a preliminary injunction in the district court. The arguments presented during the second round of litigation were 'nearly identical' to those made during the first.,15476,
18-17274-2020-02-28,https://cdn.ca9.uscourts.gov/datastore/opinions/2020/02/28/18-17274.pdf,microsoft/phi-4-mini-instruct,nexus_requirement_met,True,"The Rule is substantively invalid because it conflicts with the plain congressional intent instilled in 8 U.S.C. § 1158(a), and is therefore 'not in accordance with law,' 5 U.S.C. § 706(2)(A).",15476,
16-73915-2020-05-04,https://cdn.ca9.uscourts.gov/datastore/opinions/2020/05/04/16-73915.pdf,microsoft/phi-4-mini-instruct,asylum_requested,False,Not mentioned in the opinion.,4560,
16-73915-2020-05-04,https://cdn.ca9.uscourts.gov/datastore/opinions/2020/05/04/16-73915.pdf,microsoft/phi-4-mini-instruct,withholding_requested,False,Not mentioned in the opinion.,4560,
16-73915-2020-05-04,https://cdn.ca9.uscourts.gov/datastore/opinions/2020/05/04/16-73915.pdf,microsoft/phi-4-mini-instruct,CAT_requested,False,Not mentioned in the opinion.,4560,
16-73915-2020-05-04,https://cdn.ca9.uscourts.gov/datastore/opinions/2020/05/04/16-73915.pdf,microsoft/phi-4-mini-instruct,protected_ground_political_opinion,False,Not mentioned in the opinion.,4560,
16-73915-2020-05-04,https://cdn.ca9.uscourts.gov/datastore/opinions/2020/05/04/16-73915.pdf,microsoft/phi-4-mini-instruct,protected_ground_particular_social_group,False,Not mentioned in the opinion.,4560,
16-73915-2020-05-04,https://cdn.ca9.uscourts.gov/datastore/opinions/2020/05/04/16-73915.pdf,microsoft/phi-4-mini-instruct,past_persecution_physical_violence,False,Not mentioned in the opinion.,4560,
16-73915-2020-05-04,https://cdn.ca9.uscourts.gov/datastore/opinions/2020/05/04/16-73915.pdf,microsoft/phi-4-mini-instruct,past_persecution_death_threats,False,Not mentioned in the opinion.,4560,
16-73915-2020-05-04,https://cdn.ca9.uscourts.gov/datastore/opinions/2020/05/04/16-73915.pdf,microsoft/phi-4-mini-instruct,persecutor_nongovernmental_actor,False,Not mentioned in the opinion.,4560,
16-73915-2020-05-04,https://cdn.ca9.uscourts.gov/datastore/opinions/2020/05/04/16-73915.pdf,microsoft/phi-4-mini-instruct,credibility_finding,False,Not mentioned in the opinion.,4560,
16-73915-2020-05-04,https://cdn.ca9.uscourts.gov/datastore/opinions/2020/05/04/16-73915.pdf,microsoft/phi-4-mini-instruct,bars_one_year_deadline_missed,False,Not mentioned in the opinion.,4560,
16-73915-2020-05-04,https://cdn.ca9.uscourts.gov/datastore/opinions/2020/05/04/16-73915.pdf,microsoft/phi-4-mini-instruct,nexus_requirement_met,False,Not mentioned in the opinion.,4560,
20-70397-2022-08-12,https://cdn.ca9.uscourts.gov/datastore/memoranda/2022/08/12/20-70397.pdf,microsoft/phi-4-mini-instruct,asylum_requested,True,Ramirez-Cordova seeks withholding of removal under INA § 241(b)(3).,6582,
20-70397-2022-08-12,https://cdn.ca9.uscourts.gov/datastore/memoranda/2022/08/12/20-70397.pdf,microsoft/phi-4-mini-instruct,withholding_requested,True,Ramirez-Cordova seeks protection under the Convention Against Torture under 8 C.F.R. §§ 1208.16-1208.18.,6582,
20-70397-2022-08-12,https://cdn.ca9.uscourts.gov/datastore/memoranda/2022/08/12/20-70397.pdf,microsoft/phi-4-mini-instruct,CAT_requested,True,Ramirez-Cordova seeks protection under the Convention Against Torture under 8 C.F.R. §§ 1208.16-1208.18.,6582,
20-70397-2022-08-12,https://cdn.ca9.uscourts.gov/datastore/memoranda/2022/08/12/20-70397.pdf,microsoft/phi-4-mini-instruct,protected_ground_political_opinion,False,Not mentioned in the opinion.,6582,
20-70397-2022-08-12,https://cdn.ca9.uscourts.gov/datastore/memoranda/2022/08/12/20-70397.pdf,microsoft/phi-4-mini-instruct,protected_ground_particular_social_group,False,Not mentioned in the opinion.,6582,
20-70397-2022-08-12,https://cdn.ca9.uscourts.gov/datastore/memoranda/2022/08/12/20-70397.pdf,microsoft/phi-4-mini-instruct,past_persecution_physical_violence,False,"The record describes past physical violence inflicted on the petitioner, such as beatings, shootings, stabbings, or similar harm.",6582,
20-70397-2022-08-12,https://cdn.ca9.uscourts.gov/datastore/memoranda/2022/08/12/20-70397.pdf,microsoft/phi-4-mini-instruct,past_persecution_death_threats,False,Not mentioned in the opinion.,6582,
20-70397-2022-08-12,https://cdn.ca9.uscourts.gov/datastore/memoranda/2022/08/12/20-70397.pdf,microsoft/phi-4-mini-instruct,persecutor_nongovernmental_actor,False,Not mentioned in the opinion.,6582,
20-70397-2022-08-12,https://cdn.ca9.uscourts.gov/datastore/memoranda/2022/08/12/20-70397.pdf,microsoft/phi-4-mini-instruct,credibility_finding,True,The IJ or BIA made an explicit credibility finding about the petitioner.,6582,
20-70397-2022-08-12,https://cdn.ca9.uscourts.gov/datastore/memoranda/2022/08/12/20-70397.pdf,microsoft/phi-4-mini-instruct,bars_one_year_deadline_missed,True,Ramirez-Cordova missed the one-year asylum filing deadline under INA § 208(a)(2)(B).,6582,
20-70397-2022-08-12,https://cdn.ca9.uscourts.gov/datastore/memoranda/2022/08/12/20-70397.pdf,microsoft/phi-4-mini-instruct,nexus_requirement_met,False,"The IJ or BIA found that the petitioner established the required nexus: that a protected ground was, or would be, 'at least one central reason' for the persecution, as required by INA § 208(b)(1)(B)(i).",6582,
17-73156-2023-01-17,https://cdn.ca9.uscourts.gov/datastore/memoranda/2023/01/17/17-73156.pdf,microsoft/phi-4-mini-instruct,asylum_requested,False,Not mentioned in the opinion.,4517,
17-73156-2023-01-17,https://cdn.ca9.uscourts.gov/datastore/memoranda/2023/01/17/17-73156.pdf,microsoft/phi-4-mini-instruct,withholding_requested,False,Not mentioned in the opinion.,4517,
17-73156-2023-01-17,https://cdn.ca9.uscourts.gov/datastore/memoranda/2023/01/17/17-73156.pdf,microsoft/phi-4-mini-instruct,CAT_requested,False,Not mentioned in the opinion.,4517,
17-73156-2023-01-17,https://cdn.ca9.uscourts.gov/datastore/memoranda/2023/01/17/17-73156.pdf,microsoft/phi-4-mini-instruct,protected_ground_political_opinion,False,Not mentioned in the opinion.,4517,
17-73156-2023-01-17,https://cdn.ca9.uscourts.gov/datastore/memoranda/2023/01/17/17-73156.pdf,microsoft/phi-4-mini-instruct,protected_ground_particular_social_group,False,Not mentioned in the opinion.,4517,
17-73156-2023-01-17,https://cdn.ca9.uscourts.gov/datastore/memoranda/2023/01/17/17-73156.pdf,microsoft/phi-4-mini-instruct,past_persecution_physical_violence,False,Not mentioned in the opinion.,4517,
17-73156-2023-01-17,https://cdn.ca9.uscourts.gov/datastore/memoranda/2023/01/17/17-73156.pdf,microsoft/phi-4-mini-instruct,past_persecution_death_threats,False,Not mentioned in the opinion.,4517,
17-73156-2023-01-17,https://cdn.ca9.uscourts.gov/datastore/memoranda/2023/01/17/17-73156.pdf,microsoft/phi-4-mini-instruct,persecutor_nongovernmental_actor,False,Not mentioned in the opinion.,4517,
17-73156-2023-01-17,https://cdn.ca9.uscourts.gov/datastore/memoranda/2023/01/17/17-73156.pdf,microsoft/phi-4-mini-instruct,credibility_finding,False,Not mentioned in the opinion.,4517,
17-73156-2023-01-17,https://cdn.ca9.uscourts.gov/datastore/memoranda/2023/01/17/17-73156.pdf,microsoft/phi-4-mini-instruct,bars_one_year_deadline_missed,False,Not mentioned in the opinion.,4517,
17-73156-2023-01-17,https://cdn.ca9.uscourts.gov/datastore/memoranda/2023/01/17/17-73156.pdf,microsoft/phi-4-mini-instruct,nexus_requirement_met,False,Not mentioned in the opinion.,4517,
24-5221-2026-05-04,https://cdn.ca9.uscourts.gov/datastore/memoranda/2026/05/04/24-5221.pdf,microsoft/phi-4-mini-instruct,asylum_requested,False,Not mentioned in the opinion.,4616,
24-5221-2026-05-04,https://cdn.ca9.uscourts.gov/datastore/memoranda/2026/05/04/24-5221.pdf,microsoft/phi-4-mini-instruct,withholding_requested,False,Not mentioned in the opinion.,4616,
24-5221-2026-05-04,https://cdn.ca9.uscourts.gov/datastore/memoranda/2026/05/04/24-5221.pdf,microsoft/phi-4-mini-instruct,CAT_requested,False,Not mentioned in the opinion.,4616,
24-5221-2026-05-04,https://cdn.ca9.uscourts.gov/datastore/memoranda/2026/05/04/24-5221.pdf,microsoft/phi-4-mini-instruct,protected_ground_political_opinion,False,Not mentioned in the opinion.,4616,
24-5221-2026-05-04,https://cdn.ca9.uscourts.gov/datastore/memoranda/2026/05/04/24-5221.pdf,microsoft/phi-4-mini-instruct,protected_ground_particular_social_group,False,Not mentioned in the opinion.,4616,
24-5221-2026-05-04,https://cdn.ca9.uscourts.gov/datastore/memoranda/2026/05/04/24-5221.pdf,microsoft/phi-4-mini-instruct,past_persecution_physical_violence,False,Not mentioned in the opinion.,4616,
24-5221-2026-05-04,https://cdn.ca9.uscourts.gov/datastore/memoranda/2026/05/04/24-5221.pdf,microsoft/phi-4-mini-instruct,past_persecution_death_threats,False,Not mentioned in the opinion.,4616,
24-5221-2026-05-04,https://cdn.ca9.uscourts.gov/datastore/memoranda/2026/05/04/24-5221.pdf,microsoft/phi-4-mini-instruct,persecutor_nongovernmental_actor,False,Not mentioned in the opinion.,4616,
24-5221-2026-05-04,https://cdn.ca9.uscourts.gov/datastore/memoranda/2026/05/04/24-5221.pdf,microsoft/phi-4-mini-instruct,credibility_finding,False,Not mentioned in the opinion.,4616,
24-5221-2026-05-04,https://cdn.ca9.uscourts.gov/datastore/memoranda/2026/05/04/24-5221.pdf,microsoft/phi-4-mini-instruct,bars_one_year_deadline_missed,False,Not mentioned in the opinion.,4616,
24-5221-2026-05-04,https://cdn.ca9.uscourts.gov/datastore/memoranda/2026/05/04/24-5221.pdf,microsoft/phi-4-mini-instruct,nexus_requirement_met,False,Not mentioned in the opinion.,4616,
22-761-2023-04-20,https://cdn.ca9.uscourts.gov/datastore/memoranda/2023/04/20/22-761.pdf,microsoft/phi-4-mini-instruct,asylum_requested,True,Santiago Grande petitioned for asylum under INA § 208 / 8 U.S.C. § 1158.,5462,
22-761-2023-04-20,https://cdn.ca9.uscourts.gov/datastore/memoranda/2023/04/20/22-761.pdf,microsoft/phi-4-mini-instruct,withholding_requested,True,Santiago Grande sought withholding of removal under INA § 241(b)(3).,5462,
22-761-2023-04-20,https://cdn.ca9.uscourts.gov/datastore/memoranda/2023/04/20/22-761.pdf,microsoft/phi-4-mini-instruct,CAT_requested,True,Santiago Grande sought protection under the Convention Against Torture under 8 C.F.R. §§ 1208.16-1208.18.,5462,
22-761-2023-04-20,https://cdn.ca9.uscourts.gov/datastore/memoranda/2023/04/20/22-761.pdf,microsoft/phi-4-mini-instruct,protected_ground_political_opinion,False,Not mentioned in the opinion.,5462,
22-761-2023-04-20,https://cdn.ca9.uscourts.gov/datastore/memoranda/2023/04/20/22-761.pdf,microsoft/phi-4-mini-instruct,protected_ground_particular_social_group,False,Not mentioned in the opinion.,5462,
22-761-2023-04-20,https://cdn.ca9.uscourts.gov/datastore/memoranda/2023/04/20/22-761.pdf,microsoft/phi-4-mini-instruct,past_persecution_physical_violence,False,Not mentioned in the opinion.,5462,
22-761-2023-04-20,https://cdn.ca9.uscourts.gov/datastore/memoranda/2023/04/20/22-761.pdf,microsoft/phi-4-mini-instruct,past_persecution_death_threats,False,Not mentioned in the opinion.,5462,
22-761-2023-04-20,https://cdn.ca9.uscourts.gov/datastore/memoranda/2023/04/20/22-761.pdf,microsoft/phi-4-mini-instruct,persecutor_nongovernmental_actor,False,Not mentioned in the opinion.,5462,
22-761-2023-04-20,https://cdn.ca9.uscourts.gov/datastore/memoranda/2023/04/20/22-761.pdf,microsoft/phi-4-mini-instruct,credibility_finding,True,The BIA made an explicit credibility finding about Santiago Grande.,5462,
22-761-2023-04-20,https://cdn.ca9.uscourts.gov/datastore/memoranda/2023/04/20/22-761.pdf,microsoft/phi-4-mini-instruct,bars_one_year_deadline_missed,True,Santiago Grande missed the one-year asylum filing deadline under INA § 208(a)(2)(B).,5462,
22-761-2023-04-20,https://cdn.ca9.uscourts.gov/datastore/memoranda/2023/04/20/22-761.pdf,microsoft/phi-4-mini-instruct,nexus_requirement_met,False,Not mentioned in the opinion.,5462,
14-70905-2020-01-28,https://cdn.ca9.uscourts.gov/datastore/memoranda/2020/01/28/14-70905.pdf,microsoft/phi-4-mini-instruct,asylum_requested,True,"Margosyan's asylum application was filed after May 11, 2005, the REAL ID Act guides our review.",7015,
14-70905-2020-01-28,https://cdn.ca9.uscourts.gov/datastore/memoranda/2020/01/28/14-70905.pdf,microsoft/phi-4-mini-instruct,withholding_requested,False,Not mentioned in the opinion.,7015,
14-70905-2020-01-28,https://cdn.ca9.uscourts.gov/datastore/memoranda/2020/01/28/14-70905.pdf,microsoft/phi-4-mini-instruct,CAT_requested,False,Not mentioned in the opinion.,7015,
14-70905-2020-01-28,https://cdn.ca9.uscourts.gov/datastore/memoranda/2020/01/28/14-70905.pdf,microsoft/phi-4-mini-instruct,protected_ground_political_opinion,True,"The IJ did not properly consider Margosyan’s ‘association with, or relationship to, people who are known to hold a particular political opinion’ in order to raise the inference that the persecutors have imputed a political view to [her].",7015,
14-70905-2020-01-28,https://cdn.ca9.uscourts.gov/datastore/memoranda/2020/01/28/14-70905.pdf,microsoft/phi-4-mini-instruct,protected_ground_particular_social_group,False,Not mentioned in the opinion.,7015,
14-70905-2020-01-28,https://cdn.ca9.uscourts.gov/datastore/memoranda/2020/01/28/14-70905.pdf,microsoft/phi-4-mini-instruct,past_persecution_physical_violence,True,"Margosyan was targeted on multiple occasions based on her association with her husband by threatening her, intervening in her employment, raping her, and arresting her.",7015,
14-70905-2020-01-28,https://cdn.ca9.uscourts.gov/datastore/memoranda/2020/01/28/14-70905.pdf,microsoft/phi-4-mini-instruct,past_persecution_death_threats,True,"Margosyan was targeted on multiple occasions based on her association with her husband by threatening her, intervening in her employment, raping her, and arresting her.",7015,
14-70905-2020-01-28,https://cdn.ca9.uscourts.gov/datastore/memoranda/2020/01/28/14-70905.pdf,microsoft/phi-4-mini-instruct,persecutor_nongovernmental_actor,True,"Margosyan was targeted on multiple occasions based on her association with her husband by threatening her, intervening in her employment, raping her, and arresting her.",7015,
14-70905-2020-01-28,https://cdn.ca9.uscourts.gov/datastore/memoranda/2020/01/28/14-70905.pdf,microsoft/phi-4-mini-instruct,credibility_finding,True,The IJ stated that he had ‘considered the extent to which the respondent’s testimony [was] otherwise consistent with her written statement and the extent to which she was internally consistent in her own testimony.’,7015,
14-70905-2020-01-28,https://cdn.ca9.uscourts.gov/datastore/memoranda/2020/01/28/14-70905.pdf,microsoft/phi-4-mini-instruct,bars_one_year_deadline_missed,True,"Margosyan's asylum application was filed after May 11, 2005, the REAL ID Act guides our review.",7015,
14-70905-2020-01-28,https://cdn.ca9.uscourts.gov/datastore/memoranda/2020/01/28/14-70905.pdf,microsoft/phi-4-mini-instruct,nexus_requirement_met,True,The circumstantial evidence in the record supports a conclusion that Margosyan (if credible) was targeted based on an imputed political opinion.,7015,
22-629-2024-02-20,https://cdn.ca9.uscourts.gov/datastore/memoranda/2024/02/20/22-629.pdf,microsoft/phi-4-mini-instruct,asylum_requested,True,"Petitioner applied for asylum under INA § 208 / 8 U.S.C. § 1158, not just withholding of removal or CAT protection.",7250,
22-629-2024-02-20,https://cdn.ca9.uscourts.gov/datastore/memoranda/2024/02/20/22-629.pdf,microsoft/phi-4-mini-instruct,withholding_requested,True,Petitioner sought withholding of removal under INA § 241(b)(3).,7250,
22-629-2024-02-20,https://cdn.ca9.uscourts.gov/datastore/memoranda/2024/02/20/22-629.pdf,microsoft/phi-4-mini-instruct,CAT_requested,True,Petitioner sought protection under the Convention Against Torture under 8 C.F.R. §§ 1208.16-1208.18.,7250,
22-629-2024-02-20,https://cdn.ca9.uscourts.gov/datastore/memoranda/2024/02/20/22-629.pdf,microsoft/phi-4-mini-instruct,protected_ground_political_opinion,True,"The record describes past physical violence inflicted on the petitioner, such as beatings, shootings, stabbings, or similar harm.",7250,
22-629-2024-02-20,https://cdn.ca9.uscourts.gov/datastore/memoranda/2024/02/20/22-629.pdf,microsoft/phi-4-mini-instruct,protected_ground_particular_social_group,True,The record describes death threats made against the petitioner.,7250,
22-629-2024-02-20,https://cdn.ca9.uscourts.gov/datastore/memoranda/2024/02/20/22-629.pdf,microsoft/phi-4-mini-instruct,past_persecution_physical_violence,True,"The record describes past physical violence inflicted on the petitioner, such as beatings, shootings, stabbings, or similar harm.",7250,
22-629-2024-02-20,https://cdn.ca9.uscourts.gov/datastore/memoranda/2024/02/20/22-629.pdf,microsoft/phi-4-mini-instruct,past_persecution_death_threats,True,The record describes death threats made against the petitioner.,7250,
22-629-2024-02-20,https://cdn.ca9.uscourts.gov/datastore/memoranda/2024/02/20/22-629.pdf,microsoft/phi-4-mini-instruct,persecutor_nongovernmental_actor,False,Not mentioned in the opinion.,7250,
22-629-2024-02-20,https://cdn.ca9.uscourts.gov/datastore/memoranda/2024/02/20/22-629.pdf,microsoft/phi-4-mini-instruct,credibility_finding,True,The BIA erroneously found that Estrada-Hernandez “provided no evidence establishing that he is likely to be singled out for persecution in Mexico” (emphasis added) and so failed to analyze at all the impact of the first factor.,7250,
22-629-2024-02-20,https://cdn.ca9.uscourts.gov/datastore/memoranda/2024/02/20/22-629.pdf,microsoft/phi-4-mini-instruct,bars_one_year_deadline_missed,True,Estrada-Hernandez did not demonstrate that it was more likely than not that he would be tortured if removed to Mexico.,7250,
22-629-2024-02-20,https://cdn.ca9.uscourts.gov/datastore/memoranda/2024/02/20/22-629.pdf,microsoft/phi-4-mini-instruct,nexus_requirement_met,True,The BIA erroneously found that Estrada-Hernandez “provided no evidence establishing that he is likely to be singled out for persecution in Mexico” (emphasis added) and so failed to analyze at all the impact of the first factor.,7250,
17-71346-2020-06-17,https://cdn.ca9.uscourts.gov/datastore/memoranda/2020/06/17/17-71346.pdf,microsoft/phi-4-mini-instruct,asylum_requested,True,Cruz-Ramirez's petition for review of his asylum application.,6567,
17-71346-2020-06-17,https://cdn.ca9.uscourts.gov/datastore/memoranda/2020/06/17/17-71346.pdf,microsoft/phi-4-mini-instruct,withholding_requested,True,Cruz-Ramirez's petition for review of his withholding of removal application.,6567,
17-71346-2020-06-17,https://cdn.ca9.uscourts.gov/datastore/memoranda/2020/06/17/17-71346.pdf,microsoft/phi-4-mini-instruct,CAT_requested,True,Cruz-Ramirez's petition for review of his CAT protection application.,6567,
17-71346-2020-06-17,https://cdn.ca9.uscourts.gov/datastore/memoranda/2020/06/17/17-71346.pdf,microsoft/phi-4-mini-instruct,protected_ground_political_opinion,False,Not mentioned in the opinion.,6567,
17-71346-2020-06-17,https://cdn.ca9.uscourts.gov/datastore/memoranda/2020/06/17/17-71346.pdf,microsoft/phi-4-mini-instruct,protected_ground_particular_social_group,True,"The record describes past persecution, including death threats, which could be based on membership in a particular social group.",6567,
17-71346-2020-06-17,https://cdn.ca9.uscourts.gov/datastore/memoranda/2020/06/17/17-71346.pdf,microsoft/phi-4-mini-instruct,past_persecution_physical_violence,True,"The record describes past persecution, including death threats, which could be based on membership in a particular social group.",6567,
17-71346-2020-06-17,https://cdn.ca9.uscourts.gov/datastore/memoranda/2020/06/17/17-71346.pdf,microsoft/phi-4-mini-instruct,past_persecution_death_threats,True,"The record describes past persecution, including death threats, which could be based on membership in a particular social group.",6567,
17-71346-2020-06-17,https://cdn.ca9.uscourts.gov/datastore/memoranda/2020/06/17/17-71346.pdf,microsoft/phi-4-mini-instruct,persecutor_nongovernmental_actor,False,Not mentioned in the opinion.,6567,
17-71346-2020-06-17,https://cdn.ca9.uscourts.gov/datastore/memoranda/2020/06/17/17-71346.pdf,microsoft/phi-4-mini-instruct,credibility_finding,True,The IJ or BIA made an explicit credibility finding about the petitioner.,6567,
17-71346-2020-06-17,https://cdn.ca9.uscourts.gov/datastore/memoranda/2020/06/17/17-71346.pdf,microsoft/phi-4-mini-instruct,bars_one_year_deadline_missed,True,Cruz-Ramirez missed the one-year asylum filing deadline under INA § 208(a)(2)(B).,6567,
17-71346-2020-06-17,https://cdn.ca9.uscourts.gov/datastore/memoranda/2020/06/17/17-71346.pdf,microsoft/phi-4-mini-instruct,nexus_requirement_met,True,"The IJ or BIA found that the petitioner established the required nexus: that a protected ground was, or would be, 'at least one central reason' for the persecution, as required by INA § 208(b)(1)(B)(i).",6567,
18-70505-2020-12-07,https://cdn.ca9.uscourts.gov/datastore/memoranda/2020/12/07/18-70505.pdf,microsoft/phi-4-mini-instruct,asylum_requested,True,"Li v. Barr, No. 18-70505",4861,
18-70505-2020-12-07,https://cdn.ca9.uscourts.gov/datastore/memoranda/2020/12/07/18-70505.pdf,microsoft/phi-4-mini-instruct,withholding_requested,False,Not mentioned in the opinion.,4861,
18-70505-2020-12-07,https://cdn.ca9.uscourts.gov/datastore/memoranda/2020/12/07/18-70505.pdf,microsoft/phi-4-mini-instruct,CAT_requested,False,Not mentioned in the opinion.,4861,
18-70505-2020-12-07,https://cdn.ca9.uscourts.gov/datastore/memoranda/2020/12/07/18-70505.pdf,microsoft/phi-4-mini-instruct,protected_ground_political_opinion,False,Not mentioned in the opinion.,4861,
18-70505-2020-12-07,https://cdn.ca9.uscourts.gov/datastore/memoranda/2020/12/07/18-70505.pdf,microsoft/phi-4-mini-instruct,protected_ground_particular_social_group,False,Not mentioned in the opinion.,4861,
18-70505-2020-12-07,https://cdn.ca9.uscourts.gov/datastore/memoranda/2020/12/07/18-70505.pdf,microsoft/phi-4-mini-instruct,past_persecution_physical_violence,False,Not mentioned in the opinion.,4861,
18-70505-2020-12-07,https://cdn.ca9.uscourts.gov/datastore/memoranda/2020/12/07/18-70505.pdf,microsoft/phi-4-mini-instruct,past_persecution_death_threats,False,Not mentioned in the opinion.,4861,
18-70505-2020-12-07,https://cdn.ca9.uscourts.gov/datastore/memoranda/2020/12/07/18-70505.pdf,microsoft/phi-4-mini-instruct,persecutor_nongovernmental_actor,False,Not mentioned in the opinion.,4861,
18-70505-2020-12-07,https://cdn.ca9.uscourts.gov/datastore/memoranda/2020/12/07/18-70505.pdf,microsoft/phi-4-mini-instruct,credibility_finding,True,The IJ and BIA’s finding that Li’s second affidavit was “inherently unbelievable” is not supported by substantial evidence.,4861,
18-70505-2020-12-07,https://cdn.ca9.uscourts.gov/datastore/memoranda/2020/12/07/18-70505.pdf,microsoft/phi-4-mini-instruct,bars_one_year_deadline_missed,False,Not mentioned in the opinion.,4861,
18-70505-2020-12-07,https://cdn.ca9.uscourts.gov/datastore/memoranda/2020/12/07/18-70505.pdf,microsoft/phi-4-mini-instruct,nexus_requirement_met,False,Not mentioned in the opinion.,4861,
18-71905-2021-01-28,https://cdn.ca9.uscourts.gov/datastore/memoranda/2021/01/28/18-71905.pdf,microsoft/phi-4-mini-instruct,asylum_requested,True,"Pablo Calmo petitioned for asylum under INA § 208 / 8 U.S.C. § 1158, not just withholding of removal or CAT protection.",5735,
18-71905-2021-01-28,https://cdn.ca9.uscourts.gov/datastore/memoranda/2021/01/28/18-71905.pdf,microsoft/phi-4-mini-instruct,withholding_requested,True,Pablo Calmo sought withholding of removal under INA § 241(b)(3).,5735,
18-71905-2021-01-28,https://cdn.ca9.uscourts.gov/datastore/memoranda/2021/01/28/18-71905.pdf,microsoft/phi-4-mini-instruct,CAT_requested,True,Pablo Calmo sought protection under the Convention Against Torture under 8 C.F.R. §§ 1208.16-1208.18.,5735,
18-71905-2021-01-28,https://cdn.ca9.uscourts.gov/datastore/memoranda/2021/01/28/18-71905.pdf,microsoft/phi-4-mini-instruct,protected_ground_political_opinion,True,The claim is based at least in part on actual or imputed political opinion.,5735,
18-71905-2021-01-28,https://cdn.ca9.uscourts.gov/datastore/memoranda/2021/01/28/18-71905.pdf,microsoft/phi-4-mini-instruct,protected_ground_particular_social_group,True,"The claim is based at least in part on membership in a particular social group, or PSG.",5735,
18-71905-2021-01-28,https://cdn.ca9.uscourts.gov/datastore/memoranda/2021/01/28/18-71905.pdf,microsoft/phi-4-mini-instruct,past_persecution_physical_violence,False,Not mentioned in the opinion.,5735,
18-71905-2021-01-28,https://cdn.ca9.uscourts.gov/datastore/memoranda/2021/01/28/18-71905.pdf,microsoft/phi-4-mini-instruct,past_persecution_death_threats,False,Not mentioned in the opinion.,5735,
18-71905-2021-01-28,https://cdn.ca9.uscourts.gov/datastore/memoranda/2021/01/28/18-71905.pdf,microsoft/phi-4-mini-instruct,persecutor_nongovernmental_actor,False,Not mentioned in the opinion.,5735,
18-71905-2021-01-28,https://cdn.ca9.uscourts.gov/datastore/memoranda/2021/01/28/18-71905.pdf,microsoft/phi-4-mini-instruct,credibility_finding,True,The IJ or BIA made an explicit credibility finding about the petitioner.,5735,
18-71905-2021-01-28,https://cdn.ca9.uscourts.gov/datastore/memoranda/2021/01/28/18-71905.pdf,microsoft/phi-4-mini-instruct,bars_one_year_deadline_missed,True,The opinion notes that the petitioner missed the one-year asylum filing deadline under INA § 208(a)(2)(B).,5735,
18-71905-2021-01-28,https://cdn.ca9.uscourts.gov/datastore/memoranda/2021/01/28/18-71905.pdf,microsoft/phi-4-mini-instruct,nexus_requirement_met,False,Not mentioned in the opinion.,5735,
18-70084-2020-07-17,https://cdn.ca9.uscourts.gov/datastore/memoranda/2020/07/17/18-70084.pdf,microsoft/phi-4-mini-instruct,asylum_requested,True,The evidence Coto Ortiz presented demonstrated that were he to return to Honduras he would have multiple targets on his back.,5635,
18-70084-2020-07-17,https://cdn.ca9.uscourts.gov/datastore/memoranda/2020/07/17/18-70084.pdf,microsoft/phi-4-mini-instruct,withholding_requested,False,Not mentioned in the opinion.,5635,
18-70084-2020-07-17,https://cdn.ca9.uscourts.gov/datastore/memoranda/2020/07/17/18-70084.pdf,microsoft/phi-4-mini-instruct,CAT_requested,True,The evidence Coto Ortiz presented demonstrated that were he to return to Honduras he would have multiple targets on his back.,5635,
18-70084-2020-07-17,https://cdn.ca9.uscourts.gov/datastore/memoranda/2020/07/17/18-70084.pdf,microsoft/phi-4-mini-instruct,protected_ground_political_opinion,False,Not mentioned in the opinion.,5635,
18-70084-2020-07-17,https://cdn.ca9.uscourts.gov/datastore/memoranda/2020/07/17/18-70084.pdf,microsoft/phi-4-mini-instruct,protected_ground_particular_social_group,False,Not mentioned in the opinion.,5635,
18-70084-2020-07-17,https://cdn.ca9.uscourts.gov/datastore/memoranda/2020/07/17/18-70084.pdf,microsoft/phi-4-mini-instruct,past_persecution_physical_violence,True,The record contains overwhelming evidence of police corruption and evidence that efforts by the Honduran government to control gang violence and police corruption have been largely ineffective.,5635,
18-70084-2020-07-17,https://cdn.ca9.uscourts.gov/datastore/memoranda/2020/07/17/18-70084.pdf,microsoft/phi-4-mini-instruct,past_persecution_death_threats,False,Not mentioned in the opinion.,5635,
18-70084-2020-07-17,https://cdn.ca9.uscourts.gov/datastore/memoranda/2020/07/17/18-70084.pdf,microsoft/phi-4-mini-instruct,persecutor_nongovernmental_actor,True,The record contains overwhelming evidence of police corruption and evidence that efforts by the Honduran government to control gang violence and police corruption have been largely ineffective.,5635,
18-70084-2020-07-17,https://cdn.ca9.uscourts.gov/datastore/memoranda/2020/07/17/18-70084.pdf,microsoft/phi-4-mini-instruct,credibility_finding,True,The evidence compels the conclusion that a public official would acquiesce in the torture.,5635,
18-70084-2020-07-17,https://cdn.ca9.uscourts.gov/datastore/memoranda/2020/07/17/18-70084.pdf,microsoft/phi-4-mini-instruct,bars_one_year_deadline_missed,True,Not mentioned in the opinion.,5635,
18-70084-2020-07-17,https://cdn.ca9.uscourts.gov/datastore/memoranda/2020/07/17/18-70084.pdf,microsoft/phi-4-mini-instruct,nexus_requirement_met,True,The evidence compels the conclusion that a public official would acquiesce in the torture.,5635,
24-2787-2025-05-16,https://cdn.ca9.uscourts.gov/datastore/memoranda/2025/05/16/24-2787.pdf,microsoft/phi-4-mini-instruct,asylum_requested,True,"Petitioners petition for review of a Board of Immigration Appeals (BIA) decision dismissing their applications for asylum, withholding of removal, and relief under the Convention Against Torture (CAT).",8835,
24-2787-2025-05-16,https://cdn.ca9.uscourts.gov/datastore/memoranda/2025/05/16/24-2787.pdf,microsoft/phi-4-mini-instruct,withholding_requested,True,The IJ denied Petitioners’ withholding-of-removal claim for the same reasons that he denied their asylum claim.,8835,
24-2787-2025-05-16,https://cdn.ca9.uscourts.gov/datastore/memoranda/2025/05/16/24-2787.pdf,microsoft/phi-4-mini-instruct,CAT_requested,True,"The IJ concluded that, because Petitioners did not demonstrate “a reasonable possibility they would be persecuted if they return to Nicaragua,” they have “not established it is more likely than not that they would be tortured.”",8835,
24-2787-2025-05-16,https://cdn.ca9.uscourts.gov/datastore/memoranda/2025/05/16/24-2787.pdf,microsoft/phi-4-mini-instruct,protected_ground_political_opinion,True,"Alba testified that, after participating in an April 2018 antigovernment march, she received threatening text messages warning that if Petitioners “kept supporting the protests, [they] [would] be imprisoned and tortured.”",8835,
24-2787-2025-05-16,https://cdn.ca9.uscourts.gov/datastore/memoranda/2025/05/16/24-2787.pdf,microsoft/phi-4-mini-instruct,protected_ground_particular_social_group,True,"The IJ stated that it considered the “totality of the circumstances,” the same phrase that our court uses to describe the cumulative-effect review.",8835,
24-2787-2025-05-16,https://cdn.ca9.uscourts.gov/datastore/memoranda/2025/05/16/24-2787.pdf,microsoft/phi-4-mini-instruct,past_persecution_physical_violence,True,"Lester was seriously injured because he did not support the Nicaraguan government. ‘[W]hen the incidents have involved physical harm plus something more, such as credible death threats, [this court] ha[s] not hesitated to conclude that the petitioner suffered persecution.’",8835,
24-2787-2025-05-16,https://cdn.ca9.uscourts.gov/datastore/memoranda/2025/05/16/24-2787.pdf,microsoft/phi-4-mini-instruct,past_persecution_death_threats,True,"Alba testified that, after participating in an April 2018 antigovernment march, she received threatening text messages warning that if Petitioners “kept supporting the protests, [they] [would] be imprisoned and tortured.”",8835,
24-2787-2025-05-16,https://cdn.ca9.uscourts.gov/datastore/memoranda/2025/05/16/24-2787.pdf,microsoft/phi-4-mini-instruct,persecutor_nongovernmental_actor,True,"The IJ stated that it considered the “totality of the circumstances,” the same phrase that our court uses to describe the cumulative-effect review.",8835,
24-2787-2025-05-16,https://cdn.ca9.uscourts.gov/datastore/memoranda/2025/05/16/24-2787.pdf,microsoft/phi-4-mini-instruct,credibility_finding,True,The IJ found the testimony and declarations of Petitioners to be credible and gave the evidence full weight.,8835,
24-2787-2025-05-16,https://cdn.ca9.uscourts.gov/datastore/memoranda/2025/05/16/24-2787.pdf,microsoft/phi-4-mini-instruct,bars_one_year_deadline_missed,False,Not mentioned in the opinion.,8835,
24-2787-2025-05-16,https://cdn.ca9.uscourts.gov/datastore/memoranda/2025/05/16/24-2787.pdf,microsoft/phi-4-mini-instruct,nexus_requirement_met,True,The credible threats to Petitioners were elevated by a robbery and close confrontations with paramilitaries. These are the type of circumstances that elevate “mere threats” into “extreme” or “especially menacing” threats that constitute past persecution.,8835,
17-70324-2020-08-10,https://cdn.ca9.uscourts.gov/datastore/memoranda/2020/08/10/17-70324.pdf,microsoft/phi-4-mini-instruct,asylum_requested,True,"Petitioner applied for asylum under INA § 208 / 8 U.S.C. § 1158, not just withholding of removal or CAT protection.",5345,
17-70324-2020-08-10,https://cdn.ca9.uscourts.gov/datastore/memoranda/2020/08/10/17-70324.pdf,microsoft/phi-4-mini-instruct,withholding_requested,True,Petitioner sought withholding of removal under INA § 241(b)(3).,5345,
17-70324-2020-08-10,https://cdn.ca9.uscourts.gov/datastore/memoranda/2020/08/10/17-70324.pdf,microsoft/phi-4-mini-instruct,CAT_requested,True,Petitioner sought protection under the Convention Against Torture under 8 C.F.R. §§ 1208.16-1208.18.,5345,
17-70324-2020-08-10,https://cdn.ca9.uscourts.gov/datastore/memoranda/2020/08/10/17-70324.pdf,microsoft/phi-4-mini-instruct,protected_ground_political_opinion,False,Not mentioned in the opinion.,5345,
17-70324-2020-08-10,https://cdn.ca9.uscourts.gov/datastore/memoranda/2020/08/10/17-70324.pdf,microsoft/phi-4-mini-instruct,protected_ground_particular_social_group,False,Not mentioned in the opinion.,5345,
17-70324-2020-08-10,https://cdn.ca9.uscourts.gov/datastore/memoranda/2020/08/10/17-70324.pdf,microsoft/phi-4-mini-instruct,past_persecution_physical_violence,False,Not mentioned in the opinion.,5345,
17-70324-2020-08-10,https://cdn.ca9.uscourts.gov/datastore/memoranda/2020/08/10/17-70324.pdf,microsoft/phi-4-mini-instruct,past_persecution_death_threats,False,Not mentioned in the opinion.,5345,
17-70324-2020-08-10,https://cdn.ca9.uscourts.gov/datastore/memoranda/2020/08/10/17-70324.pdf,microsoft/phi-4-mini-instruct,persecutor_nongovernmental_actor,False,Not mentioned in the opinion.,5345,
17-70324-2020-08-10,https://cdn.ca9.uscourts.gov/datastore/memoranda/2020/08/10/17-70324.pdf,microsoft/phi-4-mini-instruct,credibility_finding,True,The IJ or BIA made an explicit credibility finding about the petitioner.,5345,
17-70324-2020-08-10,https://cdn.ca9.uscourts.gov/datastore/memoranda/2020/08/10/17-70324.pdf,microsoft/phi-4-mini-instruct,bars_one_year_deadline_missed,True,The opinion notes that the petitioner missed the one-year asylum filing deadline under INA § 208(a)(2)(B).,5345,
17-70324-2020-08-10,https://cdn.ca9.uscourts.gov/datastore/memoranda/2020/08/10/17-70324.pdf,microsoft/phi-4-mini-instruct,nexus_requirement_met,False,Not mentioned in the opinion.,5345,
20-71340-2021-05-10,https://cdn.ca9.uscourts.gov/datastore/memoranda/2021/05/10/20-71340.pdf,microsoft/phi-4-mini-instruct,asylum_requested,True,Petitioner Guillermo Avila-Arias (“Avila-Arias”) petitions for review of the Board of Immigration Appeals’ (“BIA” or “Board”) decision denying his application for deferral of removal under the Convention Against Torture (“CAT”).,7276,
20-71340-2021-05-10,https://cdn.ca9.uscourts.gov/datastore/memoranda/2021/05/10/20-71340.pdf,microsoft/phi-4-mini-instruct,withholding_requested,False,Not mentioned in the opinion.,7276,
20-71340-2021-05-10,https://cdn.ca9.uscourts.gov/datastore/memoranda/2021/05/10/20-71340.pdf,microsoft/phi-4-mini-instruct,CAT_requested,True,Petitioner Guillermo Avila-Arias (“Avila-Arias”) petitions for review of the Board of Immigration Appeals’ (“BIA” or “Board”) decision denying his application for deferral of removal under the Convention Against Torture (“CAT”).,7276,
20-71340-2021-05-10,https://cdn.ca9.uscourts.gov/datastore/memoranda/2021/05/10/20-71340.pdf,microsoft/phi-4-mini-instruct,protected_ground_political_opinion,False,,7276,
20-71340-2021-05-10,https://cdn.ca9.uscourts.gov/datastore/memoranda/2021/05/10/20-71340.pdf,microsoft/phi-4-mini-instruct,protected_ground_particular_social_group,False,,7276,
20-71340-2021-05-10,https://cdn.ca9.uscourts.gov/datastore/memoranda/2021/05/10/20-71340.pdf,microsoft/phi-4-mini-instruct,past_persecution_physical_violence,False,Not mentioned in the opinion.,7276,
20-71340-2021-05-10,https://cdn.ca9.uscourts.gov/datastore/memoranda/2021/05/10/20-71340.pdf,microsoft/phi-4-mini-instruct,past_persecution_death_threats,True,"The BIA reviewed the record evidence, incorporated the IJ’s analysis, and added its own reasoning that the circumstances surrounding the death threats and attempted abduction Avila-Arias suffered did not amount to the “extreme and prolonged cruel and inhuman treatment” that define torture.",7276,
20-71340-2021-05-10,https://cdn.ca9.uscourts.gov/datastore/memoranda/2021/05/10/20-71340.pdf,microsoft/phi-4-mini-instruct,persecutor_nongovernmental_actor,False,Not mentioned in the opinion.,7276,
20-71340-2021-05-10,https://cdn.ca9.uscourts.gov/datastore/memoranda/2021/05/10/20-71340.pdf,microsoft/phi-4-mini-instruct,credibility_finding,True,The IJ found him entirely dishonest because “the nature of [Avila-Arias’s] testimony impacted his credibility to such an extent that the court [found] that his entire testimony [was] incredible.”,7276,
20-71340-2021-05-10,https://cdn.ca9.uscourts.gov/datastore/memoranda/2021/05/10/20-71340.pdf,microsoft/phi-4-mini-instruct,bars_one_year_deadline_missed,False,Not mentioned in the opinion.,7276,
20-71340-2021-05-10,https://cdn.ca9.uscourts.gov/datastore/memoranda/2021/05/10/20-71340.pdf,microsoft/phi-4-mini-instruct,nexus_requirement_met,True,The BIA legally erred by misrepresenting record evidence and rejecting probative expert testimony without explanation in its determination that Avila-Arias could safely relocate within Mexico to avoid future harm.,7276,
19-71833-2021-03-23,https://cdn.ca9.uscourts.gov/datastore/memoranda/2021/03/23/19-71833.pdf,microsoft/phi-4-mini-instruct,asylum_requested,False,Not mentioned in the opinion.,5022,
19-71833-2021-03-23,https://cdn.ca9.uscourts.gov/datastore/memoranda/2021/03/23/19-71833.pdf,microsoft/phi-4-mini-instruct,withholding_requested,False,Not mentioned in the opinion.,5022,
19-71833-2021-03-23,https://cdn.ca9.uscourts.gov/datastore/memoranda/2021/03/23/19-71833.pdf,microsoft/phi-4-mini-instruct,CAT_requested,False,Not mentioned in the opinion.,5022,
19-71833-2021-03-23,https://cdn.ca9.uscourts.gov/datastore/memoranda/2021/03/23/19-71833.pdf,microsoft/phi-4-mini-instruct,protected_ground_political_opinion,False,Not mentioned in the opinion.,5022,
19-71833-2021-03-23,https://cdn.ca9.uscourts.gov/datastore/memoranda/2021/03/23/19-71833.pdf,microsoft/phi-4-mini-instruct,protected_ground_particular_social_group,False,Not mentioned in the opinion.,5022,
19-71833-2021-03-23,https://cdn.ca9.uscourts.gov/datastore/memoranda/2021/03/23/19-71833.pdf,microsoft/phi-4-mini-instruct,past_persecution_physical_violence,False,Not mentioned in the opinion.,5022,
19-71833-2021-03-23,https://cdn.ca9.uscourts.gov/datastore/memoranda/2021/03/23/19-71833.pdf,microsoft/phi-4-mini-instruct,past_persecution_death_threats,False,Not mentioned in the opinion.,5022,
19-71833-2021-03-23,https://cdn.ca9.uscourts.gov/datastore/memoranda/2021/03/23/19-71833.pdf,microsoft/phi-4-mini-instruct,persecutor_nongovernmental_actor,False,Not mentioned in the opinion.,5022,
19-71833-2021-03-23,https://cdn.ca9.uscourts.gov/datastore/memoranda/2021/03/23/19-71833.pdf,microsoft/phi-4-mini-instruct,credibility_finding,False,Not mentioned in the opinion.,5022,
19-71833-2021-03-23,https://cdn.ca9.uscourts.gov/datastore/memoranda/2021/03/23/19-71833.pdf,microsoft/phi-4-mini-instruct,bars_one_year_deadline_missed,True,The opinion notes that the petitioner missed the one-year asylum filing deadline under INA § 208(a)(2)(B).,5022,
19-71833-2021-03-23,https://cdn.ca9.uscourts.gov/datastore/memoranda/2021/03/23/19-71833.pdf,microsoft/phi-4-mini-instruct,nexus_requirement_met,False,Not mentioned in the opinion.,5022,
25-120-2025-12-16,https://cdn.ca9.uscourts.gov/datastore/memoranda/2025/12/16/25-120.pdf,microsoft/phi-4-mini-instruct,asylum_requested,,,54649,"parse: JSONDecodeError: Expecting ',' delimiter: line 17 column 129 (char 2984)"
25-120-2025-12-16,https://cdn.ca9.uscourts.gov/datastore/memoranda/2025/12/16/25-120.pdf,microsoft/phi-4-mini-instruct,withholding_requested,,,54649,"parse: JSONDecodeError: Expecting ',' delimiter: line 17 column 129 (char 2984)"
25-120-2025-12-16,https://cdn.ca9.uscourts.gov/datastore/memoranda/2025/12/16/25-120.pdf,microsoft/phi-4-mini-instruct,CAT_requested,,,54649,"parse: JSONDecodeError: Expecting ',' delimiter: line 17 column 129 (char 2984)"
25-120-2025-12-16,https://cdn.ca9.uscourts.gov/datastore/memoranda/2025/12/16/25-120.pdf,microsoft/phi-4-mini-instruct,protected_ground_political_opinion,,,54649,"parse: JSONDecodeError: Expecting ',' delimiter: line 17 column 129 (char 2984)"
25-120-2025-12-16,https://cdn.ca9.uscourts.gov/datastore/memoranda/2025/12/16/25-120.pdf,microsoft/phi-4-mini-instruct,protected_ground_particular_social_group,,,54649,"parse: JSONDecodeError: Expecting ',' delimiter: line 17 column 129 (char 2984)"
25-120-2025-12-16,https://cdn.ca9.uscourts.gov/datastore/memoranda/2025/12/16/25-120.pdf,microsoft/phi-4-mini-instruct,past_persecution_physical_violence,,,54649,"parse: JSONDecodeError: Expecting ',' delimiter: line 17 column 129 (char 2984)"
25-120-2025-12-16,https://cdn.ca9.uscourts.gov/datastore/memoranda/2025/12/16/25-120.pdf,microsoft/phi-4-mini-instruct,past_persecution_death_threats,,,54649,"parse: JSONDecodeError: Expecting ',' delimiter: line 17 column 129 (char 2984)"
25-120-2025-12-16,https://cdn.ca9.uscourts.gov/datastore/memoranda/2025/12/16/25-120.pdf,microsoft/phi-4-mini-instruct,persecutor_nongovernmental_actor,,,54649,"parse: JSONDecodeError: Expecting ',' delimiter: line 17 column 129 (char 2984)"
25-120-2025-12-16,https://cdn.ca9.uscourts.gov/datastore/memoranda/2025/12/16/25-120.pdf,microsoft/phi-4-mini-instruct,credibility_finding,,,54649,"parse: JSONDecodeError: Expecting ',' delimiter: line 17 column 129 (char 2984)"
25-120-2025-12-16,https://cdn.ca9.uscourts.gov/datastore/memoranda/2025/12/16/25-120.pdf,microsoft/phi-4-mini-instruct,bars_one_year_deadline_missed,,,54649,"parse: JSONDecodeError: Expecting ',' delimiter: line 17 column 129 (char 2984)"
25-120-2025-12-16,https://cdn.ca9.uscourts.gov/datastore/memoranda/2025/12/16/25-120.pdf,microsoft/phi-4-mini-instruct,nexus_requirement_met,,,54649,"parse: JSONDecodeError: Expecting ',' delimiter: line 17 column 129 (char 2984)"
